S.No,LIMS Batch No.,Batch No.,Mfg Date,Item Code,Alert Notice,Disso-Avg (Avg % dissolved in 30mins: 85% (Q),Disso - Min,Disso-Stage,DS -UNIT 01,DS - UNIT 02,DS - UNIT 03,DS - UNIT 04,DS - UNIT 05,DS - UNIT 06,DS - UNIT 07,DS - UNIT 08,DS - UNIT 09,DS - UNIT 10,DS - UNIT 11,DS - UNIT 12,CU - Acceptance Value (<=15.0),CU - Percent of Label,CU - Std Deviation,Potency Assay (289.8 - 315.0 mg (mg/capsule),Total Impurities (<=0.05%),NUMBER CRITICAL,NUMBER MAJOR,NUMBER MINOR,NUMBER NONCRITICAL,Total Number Defects
1,2A5001P-CHEM-0051074,2A5001P,,1196782A1,NO,100,98,S1,101,98,100,100,101,100,,,,,,,2.9,99.2,1.2,297.7,<0.05,0,0,0,0,0
2,2A5002P-CHEM-0051078,2A5002P,,1196782A1,YES,97,91,S1,93,102,91,100,100,99,,,,,,,3.1,100.2,1.3,300.6,<0.05,0,0,0,0,0
3,2A5003P-CHEM-0051082,2A5003P,,1196782A1,NO,99,86,S2,86,99,101,100,100,102,101,99,99,102,100,97,2.9,100.6,1.2,301.7,<0.05,0,0,0,0,0
4,2A5004P-CHEM-0051086,2A5004P,,1196782A1,NO,101,98,S1,103,102,98,100,101,102,,,,,,,2.9,100.9,1.2,302.8,<0.05,0,0,0,0,0
5,2A5005P-CHEM-0051090,2A5005P,,1196782A1,NO,100,99,S1,100,100,101,100,99,99,,,,,,,2.9,100.7,1.2,302.1,<0.05,0,0,0,1,1
6,2A5006P-CHEM-0051094,2A5006P,,1196782A1,NO,100,97,S1,100,100,97,101,101,100,,,,,,,2.4,100.6,1,301.7,<0.05,0,0,0,2,2
7,2A5007P-CHEM-0051098,2A5007P,,1196782A1,NO,100,99,S1,99,99,103,100,99,102,,,,,,,3.1,100.6,1.3,301.7,<0.05,0,0,0,0,0
8,2A5008P-CHEM-0051102,2A5008P,,1196782A1,NO,101,97,S1,103,102,101,97,102,101,,,,,,,4.8,100.8,2,302.4,<0.05,0,0,0,0,0
9,2A5009P-CHEM-0051106,2A5009P,,1196782A1,NO,97,91,S1,100,100,99,96,98,91,,,,,,,1.7,100.7,0.7,302,<0.05,0,0,0,0,0
10,2A5073P-CHEM-0053498,2A5073P,,1196782A1,NO,97,92,S1,99,92,99,99,96,95,,,,,,,3.1,99.8,1.3,299.3,<0.05,0,0,0,1,1
11,2A5074P-CHEM-0053502,2A5074P,,1196782A1,NO,97,93,S1,100,100,98,99,93,93,,,,,,,2.9,100,1.2,299.9,<0.05,0,0,0,0,0
12,2A5075P-CHEM-0053506,2A5075P,,1196782A1,NO,98,94,S1,101,101,100,99,96,94,,,,,,,3.1,99.3,1.3,297.8,<0.05,0,0,0,0,0
13,2A5076P-CHEM-0053513,2A5076P,,1196782A1,NO,99,96,S1,102,97,100,101,96,97,,,,,,,2.4,100.7,1,302.2,<0.05,0,0,0,2,2
14,2A5077P-CHEM-0053517,2A5077P,,1196782A1,NO,96,91,S1,96,101,93,101,94,91,,,,,,,2.7,102,0.9,306.1,<0.05,0,0,0,0,0
15,2A5078P-CHEM-0053521,2A5078P,,1196782A1,NO,97,94,S1,103,94,99,97,98,94,,,,,,,2.6,100.4,1.1,301.3,<0.05,0,0,0,0,0
16,2A5079P-CHEM-0053525,2A5079P,,1196782A1,NO,98,94,S1,102,99,100,96,94,97,,,,,,,2.6,100.5,1.1,301.4,<0.05,0,0,0,1,1
17,2A5080P-CHEM-0053529,2A5080P,,1196782A1,YES,97,94,S1,98,100,95,100,95,94,,,,,,,3.1,100.8,1.3,302.3,<0.05,0,0,0,0,0
18,2A5081P-CHEM-0053533,2A5081P,,1196782A1,NO,98,94,S1,98,100,103,96,94,95,,,,,,,2.4,99.3,1,298,<0.05,0,0,0,1,1
19,2A5082P-CHEM-0053537,2A5082P,,1196782A1,NO,98,94,S1,100,100,99,95,97,94,,,,,,,1.4,100.1,0.6,300.3,<0.05,0,0,0,1,1
20,2A5083P-CHEM-0053541,2A5083P,,1196782A1,NO,98,93,S1,99,101,97,101,95,93,,,,,,,2.2,100.5,0.9,301.5,<0.05,0,0,0,0,0
21,2A5084P-CHEM-0053546,2A5084P,,1196782A1,NO,97,95,S1,97,102,100,95,95,95,,,,,,,2.7,102,0.9,305.9,<0.05,0,0,0,0,0
22,2B5007P-CHEM-0054862,2B5007P,,1196782A1,NO,96,88,S2,96,97,101,97,96,88,99,99,100,96,96,92,1.9,99.8,0.8,299.4,<0.05,0,0,0,0,0
23,2B5008P-CHEM-0054866,2B5008P,,1196782A1,NO,97,96,S1,96,99,99,99,96,96,,,,,,,2.6,100.9,1.1,302.6,<0.05,0,0,0,1,1
24,2B5009P-CHEM-0054870,2B5009P,,1196782A1,NO,97,94,S1,99,98,98,100,94,94,,,,,,,1.9,99.3,0.8,297.9,<0.05,0,0,0,0,0
25,2B5010P-CHEM-0054874,2B5010P,,1196782A1,NO,97,94,S1,96,98,100,96,94,97,,,,,,,2.4,100.3,1,300.9,<0.05,0,0,0,0,0
26,2B5011P-CHEM-0054878,2B5011P,,1196782A1,NO,100,99,S1,101,99,101,101,99,99,,,,,,,2.6,100.7,1.1,302,<0.05,0,0,0,0,0
27,2B5012P-CHEM-0054882,2B5012P,,1196782A1,NO,97,91,S1,102,101,99,96,94,91,,,,,,,2.6,99.4,1.1,298.1,<0.05,0,0,0,0,0
28,2B5016P-CHEM-0054904,2B5016P,,1196782A1,NO,96,81,S2,99,100,100,98,81,93,102,99,88,100,91,97,3.6,100.2,1.5,300.7,<0.05,0,0,0,3,3
29,2B5017P-CHEM-0054908,2B5017P,,1196782A1,NO,99,97,S1,100,102,101,100,97,97,,,,,,,2.9,100.5,1.2,301.4,<0.05,0,0,0,3,3
30,2B5018P-CHEM-0054912,2B5018P,,1196782A1,NO,97,91,S1,99,99,101,101,91,91,,,,,,,2.6,100.7,1.1,302,<0.05,0,0,0,0,0
31,2B5019P-CHEM-0054916,2B5019P,,1196782A1,NO,99,94,S1,102,102,100,100,94,95,,,,,,,3.1,102,1.1,305.9,<0.05,0,0,0,1,1
32,2B5020P-CHEM-0054920,2B5020P,,1196782A1,NO,99,94,S1,101,100,102,101,94,94,,,,,,,2.2,101.5,0.9,304.5,<0.05,0,0,0,0,0
33,2B5021P-CHEM-0054924,2B5021P,,1196782A1,NO,99,94,S1,102,100,101,101,98,94,,,,,,,2.9,102,1,306.1,<0.05,0,0,0,4,4
34,2B5022P-CHEM-0054928,2B5022P,,1196782A1,NO,100,94,S1,101,101,101,104,97,94,,,,,,,2.8,101.7,1.1,305.1,<0.05,0,0,0,3,3
35,2B5023P-CHEM-0054932,2B5023P,,1196782A1,NO,98,91,S1,102,98,103,101,94,91,,,,,,,2.4,101.4,1,304.2,<0.05,0,0,0,2,2
36,2B5024P-CHEM-0054936,2B5024P,,1196782A1,NO,100,94,S1,101,103,101,103,95,94,,,,,,,3.3,101.7,1.3,305,<0.05,0,0,0,2,2
37,2B5025P-CHEM-0054940,2B5025P,,1196782A1,NO,97,94,S1,100,99,98,95,98,94,,,,,,,1.9,100.4,0.8,301.1,<0.05,0,0,0,1,1
38,2B5026P-CHEM-0054944,2B5026P,,1196782A1,NO,98,96,S1,99,100,100,97,96,96,,,,,,,2.6,101.1,1.1,303.2,<0.05,0,0,1,0,1
39,2B5104P-CHEM-0057246,2B5104P,,1196782A1,NO,95,90,S1,90,99,98,97,96,92,,,,,,,2.4,100.2,1,300.7,<0.05,0,1,0,0,1
40,2B5105P-CHEM-0057250,2B5105P,,1196782A1,NO,98,91,S1,101,102,98,99,99,91,,,,,,,2.6,101.5,1.1,304.6,<0.05,0,1,0,3,4
41,2B5106P-CHEM-0057254,2B5106P,,1196782A1,NO,93,83,S2,83,99,97,94,96,92,99,97,98,83,91,93,2.6,100.4,1.1,301.3,<0.05,0,0,0,0,0
42,2B5107P-CHEM-0057258,2B5107P,,1196782A1,NO,96,94,S1,99,95,98,96,96,94,,,,,,,3.1,100.6,1.3,301.9,<0.05,0,0,0,0,0
43,2B5108P-CHEM-0057262,2B5108P,,1196782A1,NO,95,91,S1,96,93,96,95,97,91,,,,,,,3.4,99.3,1.4,297.8,<0.05,0,0,0,0,0
44,2B5109P-CHEM-0057266,2B5109P,,1196782A1,NO,97,89,S2,99,100,101,95,97,89,100,101,100,95,92,93,1.9,101.5,0.8,304.5,<0.05,0,0,0,1,1
45,2B5110P-CHEM-0057270,2B5110P,,1196782A1,NO,98,93,S1,101,104,98,99,93,93,,,,,,,2.4,100.9,1,302.7,<0.05,0,0,0,3,3
46,2B5111P-CHEM-0057274,2B5111P,,1196782A1,NO,97,95,S1,98,97,95,100,98,95,,,,,,,3.1,100.8,1.3,302.4,<0.05,0,0,0,2,2
47,2B5112P-CHEM-0057278,2B5112P,,1196782A1,NO,98,94,S1,99,101,102,98,94,94,,,,,,,2.4,100,1,300,<0.05,0,0,0,0,0
48,2B5113P-CHEM-0057282,2B5113P,,1196782A1,NO,97,94,S1,97,99,101,94,94,95,,,,,,,2.2,100.7,0.9,302.2,<0.05,0,0,1,0,1
49,2C5004P-CHEM-0057294,2C5004P,,1196782A1,NO,98,94,S1,101,100,101,98,96,94,,,,,,,2.9,101.2,1.2,303.5,<0.05,0,0,0,1,1
50,2C5005P-CHEM-0057298,2C5005P,,1196782A1,NO,96,93,S1,99,100,98,93,95,93,,,,,,,2.2,101.4,0.9,304.3,<0.05,0,1,0,2,3
51,2B5125P-CHEM-0058350,2B5125P,,1196782A1,NO,99,95,S1,99,101,101,98,98,95,,,,,,,2.5,101.6,1,304.8,<0.05,0,0,0,1,1
52,2B5126P-CHEM-0058356,2B5126P,,1196782A1,NO,98,96,S1,96,99,98,98,98,96,,,,,,,2.2,101.2,0.9,303.6,<0.05,0,0,0,3,3
53,2C5010P-CHEM-0059989,2C5010P,,1196782A1,NO,98,90,S1,101,102,100,98,96,90,,,,,,,2.6,101.1,1.1,303.2,<0.05,0,0,0,3,3
54,2C5011P-CHEM-0059993,2C5011P,,1196782A1,NO,97,94,S1,95,98,99,100,98,94,,,,,,,2.2,102,0.7,306,0.06,0,0,1,5,6
55,2C5012P-CHEM-0059997,2C5012P,,1196782A1,NO,102,100,S1,101,101,100,102,103,103,,,,,,,2.9,100.3,1.2,301,<0.05,0,0,3,0,3
56,2C5013P-CHEM-0060001,2C5013P,,1196782A1,NO,100,95,S1,100,102,103,98,95,102,,,,,,,4.1,101.2,1.7,303.6,<0.05,0,0,0,0,0
57,2C5014P-CHEM-0060005,2C5014P,,1196782A1,NO,100,98,S1,101,100,102,98,100,100,,,,,,,3.1,100,1.3,300,<0.05,0,0,1,2,3
58,2C5015P-CHEM-0060009,2C5015P,,1196782A1,NO,101,98,S1,98,101,100,103,101,100,,,,,,,2.6,101.1,1.1,303.3,<0.05,0,0,3,1,4
59,2D5001P-CHEM-0061683,2D5001P,,1196782A1,NO,96,92,S1,99,102,97,94,93,92,,,,,,,3.1,99.9,1.3,299.6,<0.05,0,0,0,0,0
60,2D5002P-CHEM-0061687,2D5002P,,1196782A1,NO,97,92,S1,100,99,100,95,93,92,,,,,,,1.4,100.9,0.6,302.8,<0.05,0,0,0,0,0
61,2D5003P-CHEM-0061691,2D5003P,,1196782A1,NO,95,93,S1,95,96,94,98,93,93,,,,,,,2.2,100.1,0.9,300.4,<0.05,0,0,0,0,0
62,2D5004P-CHEM-0061695,2D5004P,,1196782A1,YES,97,94,S1,101,99,97,94,97,96,,,,,,,3.3,101.9,1.2,305.6,<0.05,0,0,0,0,0
63,2D5005P-CHEM-0061699,2D5005P,,1196782A1,NO,98,95,S1,101,96,99,99,96,95,,,,,,,2.9,100.2,1.2,300.7,<0.05,0,0,0,0,0
64,2D5006P-CHEM-0061703,2D5006P,,1196782A1,NO,97,94,S1,99,100,99,95,98,94,,,,,,,1.9,101.3,0.8,303.9,<0.05,0,0,3,3,6
65,2D5007P-CHEM-0061707,2D5007P,,1196782A1,NO,96,77,S2,101,101,97,93,95,77,103,101,90,95,96,98,1.7,101.5,0.7,304.6,<0.05,0,0,1,2,3
66,2D5008P-CHEM-0061711,2D5008P,,1196782A1,YES,96,92,S1,99,100,92,97,98,92,,,,,,,1.4,99.8,0.6,299.4,<0.05,0,0,0,0,0
67,2D5110P-CHEM-0065042,2D5110P,,1196782A1,NO,98,94,S1,101,101,97,97,94,95,,,,,,,1.9,101.2,0.8,303.7,<0.05,0,0,4,2,6
68,2D5111P-CHEM-0065046,2D5111P,,1196782A1,NO,99,95,S1,101,100,101,99,95,96,,,,,,,3.7,101.8,1.4,305.5,<0.05,0,0,1,0,1
69,2D5112P-CHEM-0065050,2D5112P,,1196782A1,NO,96,87,S2,101,97,100,97,94,87,95,99,96,97,96,93,1.4,101,0.6,303,<0.05,0,2,0,0,2
70,2D5113P-CHEM-0065054,2D5113P,,1196782A1,NO,97,92,S1,100,100,99,96,95,92,,,,,,,1.4,100.6,0.6,301.7,<0.05,0,0,0,0,0
71,2D5114P-CHEM-0065058,2D5114P,,1196782A1,NO,96,93,S1,96,99,98,93,96,93,,,,,,,2.6,101.3,1.1,303.9,<0.05,0,0,0,0,0
72,2D5115P-CHEM-0065062,2D5115P,,1196782A1,NO,96,92,S1,99,99,94,96,96,92,,,,,,,1.9,101.5,0.8,304.5,<0.05,0,0,0,0,0
73,2D5116P-CHEM-0065066,2D5116P,,1196782A1,NO,98,96,S1,101,101,100,96,97,96,,,,,,,2.6,101.5,1.1,304.4,<0.05,0,0,0,0,0
74,2D5117P-CHEM-0065070,2D5117P,,1196782A1,NO,97,93,S1,99,102,97,97,95,93,,,,,,,1.9,101.2,0.8,303.7,<0.05,0,0,0,0,0
75,2D5135P-CHEM-0065944,2D5135P,,1196782A1,YES,98,96,S1,99,99,99,97,96,96,,,,,,,1.4,101.5,0.6,304.5,<0.05,0,0,0,0,0
76,2D5136P-CHEM-0065948,2D5136P,,1196782A1,NO,97,92,S1,99,99,97,96,97,92,,,,,,,3.4,100.2,1.4,300.6,<0.05,0,0,0,0,0
77,2E5001P-CHEM-0065952,2E5001P,,1196782A1,NO,97,93,S1,99,97,99,96,93,98,,,,,,,2.9,100.2,1.2,300.6,<0.05,0,0,0,0,0
78,2E5002P-CHEM-0065956,2E5002P,,1196782A1,NO,96,92,S1,97,99,96,99,95,92,,,,,,,2.9,100.5,1.2,301.4,<0.05,0,0,0,0,0
79,2E5059P-CHEM-0067297,2E5059P,,1196782A1,NO,97,94,S1,99,102,95,95,96,94,,,,,,,3.4,100.9,1.4,302.6,<0.05,0,0,0,0,0
80,2E5060P-CHEM-0067305,2E5060P,,1196782A1,NO,98,94,S1,98,100,99,98,97,94,,,,,,,3.5,101.9,1.3,305.6,<0.05,0,0,0,0,0
81,2E5061P-CHEM-0067313,2E5061P,,1196782A1,NO,97,93,S1,99,99,97,97,95,93,,,,,,,2.9,100.1,1.2,300.4,<0.05,0,0,0,1,1
82,2E5062P-CHEM-0067321,2E5062P,,1196782A1,NO,97,95,S1,99,97,102,95,96,96,,,,,,,2.4,101.1,1,303.4,<0.05,0,0,0,1,1
83,2E5063P-CHEM-0067329,2E5063P,,1196782A1,NO,96,87,S2,102,101,96,94,94,87,97,99,99,97,95,95,3.1,102,1.1,306.1,<0.05,0,0,0,0,0
84,2E5064P-CHEM-0067333,2E5064P,,1196782A1,NO,98,96,S1,101,99,100,97,96,98,,,,,,,2.2,99.5,0.9,298.4,<0.05,0,0,2,2,4
85,2E5065P-CHEM-0067341,2E5065P,,1196782A1,NO,97,94,S1,100,99,99,97,94,95,,,,,,,2.6,100.6,1.1,301.7,<0.05,0,0,0,1,1
86,2E5066P-CHEM-0067349,2E5066P,,1196782A1,NO,95,90,S1,98,97,98,93,95,90,,,,,,,2.6,99.8,1.1,299.5,<0.05,0,0,0,0,0
87,2E5069P-CHEM-0067361,2E5069P,,1196782A1,NO,96,92,S1,98,99,92,95,96,95,,,,,,,3.6,100.9,1.5,302.6,<0.05,0,0,0,0,0
88,2E5070P-CHEM-0067365,2E5070P,,1196782A1,NO,97,92,S1,100,100,98,92,96,95,,,,,,,3.1,101.1,1.3,303.3,<0.05,0,0,0,0,0
89,2E5071P-CHEM-0067369,2E5071P,,1196782A1,NO,97,93,S1,98,99,98,95,97,93,,,,,,,2.5,101.8,0.9,305.3,<0.05,0,0,0,1,1
90,2E5072P-CHEM-0067373,2E5072P,,1196782A1,NO,97,92,S1,101,101,98,95,92,97,,,,,,,4,101.9,1.5,305.8,<0.05,0,0,0,0,0
91,2E5073P-CHEM-0067377,2E5073P,,1196782A1,NO,96,92,S1,98,100,93,98,97,92,,,,,,,3.6,99.7,1.5,299,<0.05,0,0,0,1,1
92,2E5074P-CHEM-0067381,2E5074P,,1196782A1,NO,95,91,S1,99,98,96,91,95,92,,,,,,,2.9,99.6,1.2,298.7,<0.05,0,0,0,0,0
93,2E5096P-CHEM-0068517,2E5096P,,1196782A1,NO,96,93,S1,98,100,98,95,95,93,,,,,,,2.4,100.7,1,302,<0.05,0,0,0,0,0
94,2E5097P-CHEM-0068521,2E5097P,,1196782A1,NO,95,88,S2,96,100,98,94,95,88,99,99,94,94,91,95,4.1,102.2,1.4,306.6,<0.05,0,0,0,0,0
95,2E5098P-CHEM-0068525,2E5098P,,1196782A1,NO,96,93,S1,98,96,97,93,97,94,,,,,,,2.6,99.5,1.1,298.4,<0.05,0,0,0,0,0
96,2E5099P-CHEM-0068529,2E5099P,,1196782A1,NO,97,94,S1,98,100,97,96,96,94,,,,,,,2.9,101.5,1.2,304.6,<0.05,0,0,0,0,0
97,2E5100P-CHEM-0068533,2E5100P,,1196782A1,NO,97,94,S1,99,97,101,94,95,94,,,,,,,3,101.6,1.2,304.9,<0.05,0,0,0,0,0
98,2E5101P-CHEM-0068537,2E5101P,,1196782A1,NO,97,91,S1,101,101,100,96,92,91,,,,,,,2.9,101.3,1.2,303.9,<0.05,0,0,0,0,0
99,2E5102P-CHEM-0068541,2E5102P,,1196782A1,NO,96,92,S1,94,99,100,92,95,94,,,,,,,5,103.1,1.4,309.2,<0.05,0,0,0,0,0
100,2E5103P-CHEM-0068545,2E5103P,,1196782A1,NO,100,96,S1,101,99,99,96,102,103,,,,,,,1.7,101.8,0.6,305.4,<0.05,0,0,0,0,0
101,2E5104P-CHEM-0068549,2E5104P,,1196782A1,NO,101,99,S1,101,102,100,102,99,102,,,,,,,2.4,101.4,1,304.2,<0.05,0,0,0,0,0
102,2E5105P-CHEM-0068553,2E5105P,,1196782A1,NO,99,91,S1,102,103,100,91,99,101,,,,,,,3.1,100.8,1.3,302.5,<0.05,0,0,0,0,0
103,2E5106P-CHEM-0068557,2E5106P,,1196782A1,NO,97,95,S1,96,97,100,95,96,97,,,,,,,2.7,101.6,1.1,304.9,<0.05,0,0,0,0,0
104,2E5107P-CHEM-0068561,2E5107P,,1196782A1,NO,97,97,S1,97,97,98,98,97,97,,,,,,,2.6,101.3,1.1,303.9,<0.05,0,0,2,6,8
105,2E5108P-CHEM-0068565,2E5108P,,1196782A1,NO,97,93,S1,98,99,96,97,93,96,,,,,,,3.6,102.5,1.1,307.5,<0.05,0,0,1,0,1
106,2E5109P-CHEM-0069534,2E5109P,,1196782A1,NO,99,96,S1,99,100,99,102,97,96,,,,,,,4.6,102.5,1.5,307.5,<0.05,0,0,0,0,0
107,2F5009P-CHEM-0069900,2F5009P,,1196782A1,NO,95,94,S1,94,96,97,94,94,96,,,,,,,2.4,100.8,1,302.4,<0.05,0,0,0,0,0
108,2F5010P-CHEM-0069904,2F5010P,,1196782A1,NO,97,94,S1,98,99,98,95,94,96,,,,,,,1.9,98.8,0.8,296.5,<0.05,0,0,0,0,0
109,2F5049P-CHEM-0071649,2F5049P,,1196782A1,NO,97,93,S1,100,96,101,98,93,94,,,,,,,1.2,100.5,0.5,301.6,<0.05,0,0,0,1,1
110,2F5050P-CHEM-0071653,2F5050P,,1196782A1,NO,95,90,S1,98,99,94,96,95,90,,,,,,,2.6,100.2,1.1,300.5,<0.05,0,0,0,0,0
111,2F5051P-CHEM-0071657,2F5051P,,1196782A1,NO,95,91,S1,99,98,98,93,91,94,,,,,,,1.7,100.2,0.7,300.6,<0.05,0,0,0,0,0
112,2F5052P-CHEM-0071667,2F5052P,,1196782A1,NO,96,93,S1,100,98,97,94,93,96,,,,,,,1.4,101.3,0.6,304,<0.05,0,0,0,0,0
113,2F5053P-CHEM-0071671,2F5053P,,1196782A1,NO,95,91,S1,96,98,96,95,94,91,,,,,,,1.2,100.6,0.5,301.7,<0.05,0,0,0,1,1
114,2F5054P-CHEM-0071675,2F5054P,,1196782A1,NO,97,93,S1,101,100,99,96,94,93,,,,,,,5.3,103.4,1.4,310.3,<0.05,0,0,0,0,0
115,2G5011P-CHEM-0073279,2G5011P,,1196782A1,NO,100,94,S1,94,101,100,101,99,103,,,,,,,4.5,102.2,1.6,306.5,<0.05,0,0,2,0,2
116,2G5012P-CHEM-0073283,2G5012P,,1196782A1,NO,99,94,S1,102,94,101,100,99,96,,,,,,,1.8,101.6,0.7,304.8,<0.05,0,0,0,1,1
117,2G5013P-CHEM-0073287,2G5013P,,1196782A1,NO,100,97,S1,100,102,101,97,99,98,,,,,,,2.5,101.6,1,304.9,<0.05,0,0,0,0,0
118,2G5014P-CHEM-0073291,2G5014P,,1196782A1,NO,100,99,S1,101,100,100,99,101,100,,,,,,,1.9,101.7,0.7,305.2,<0.05,0,0,2,0,2
119,2G5015P-CHEM-0073295,2G5015P,,1196782A1,NO,99,97,S1,100,101,99,97,97,100,,,,,,,1.7,101.2,0.7,303.5,<0.05,0,0,2,0,2
120,2G5016P-CHEM-0073299,2G5016P,,1196782A1,NO,100,98,S1,99,100,101,98,100,101,,,,,,,1.7,101.1,0.7,303.4,<0.05,0,0,2,0,2
121,2G5017P-CHEM-0073303,2G5017P,,1196782A1,NO,99,97,S1,99,100,100,100,100,97,,,,,,,2.4,100.6,1,301.9,<0.05,0,0,0,0,0
122,2G5018P-CHEM-0073307,2G5018P,,1196782A1,NO,99,98,S1,99,98,98,100,100,99,,,,,,,2.6,100.3,1.1,300.9,<0.05,0,0,1,0,1
123,2G5019P-CHEM-0073311,2G5019P,,1196782A1,NO,100,98,S1,100,98,99,100,100,101,,,,,,,2.2,100.3,0.9,300.9,<0.05,0,0,0,0,0
124,2G5020P-CHEM-0073315,2G5020P,,1196782A1,NO,98,93,S1,100,98,100,99,93,99,,,,,,,1.7,100.6,0.7,301.8,<0.05,0,0,0,0,0
125,2G5021P-CHEM-0073319,2G5021P,,1196782A1,NO,101,100,S1,102,100,101,101,102,102,,,,,,,3.3,101.9,1.2,305.6,<0.05,0,0,0,0,0
126,2G5022P-CHEM-0073323,2G5022P,,1196782A1,NO,99,98,S1,98,101,99,98,101,100,,,,,,,3.1,100.6,1.3,301.7,<0.05,0,0,0,0,0
127,2G5023P-CHEM-0073327,2G5023P,,1196782A1,NO,101,98,S1,98,101,103,102,100,101,,,,,,,3.9,102,1.4,306.1,<0.05,0,0,0,0,0
128,2G5024P-CHEM-0073331,2G5024P,,1196782A1,NO,100,99,S1,101,101,101,99,99,99,,,,,,,2.7,101.6,1.1,304.7,<0.05,0,0,0,0,0
129,2G5025P-CHEM-0073335,2G5025P,,1196782A1,NO,99,96,S1,100,98,100,100,99,96,,,,,,,3.1,101.3,1.3,303.9,<0.05,0,0,0,0,0
130,2G5026P-CHEM-0073339,2G5026P,,1196782A1,NO,98,95,S1,97,98,99,101,95,97,,,,,,,2.9,101.3,1.2,303.9,<0.05,0,0,0,0,0
131,2G5027P-CHEM-0073343,2G5027P,,1196782A1,NO,100,98,S1,100,101,98,98,100,101,,,,,,,3.8,102.2,1.3,306.6,<0.05,0,0,0,0,0
132,2G5028P-CHEM-0073347,2G5028P,,1196782A1,NO,100,98,S1,101,98,101,99,101,98,,,,,,,2.9,101.1,1.2,303.3,<0.05,0,0,0,0,0
133,2G5029P-CHEM-0073351,2G5029P,,1196782A1,NO,100,98,S1,100,98,101,101,101,101,,,,,,,3.8,102.9,1,308.8,<0.05,0,0,0,0,0
134,2G5112P-CHEM-0076017,2G5112P,,1196782A1,NO,99,95,S1,101,97,100,95,101,100,,,,,,,2.2,101.1,0.9,303.4,<0.05,0,0,0,0,0
135,2G5113P-CHEM-0076021,2G5113P,,1196782A1,NO,100,99,S1,100,101,100,101,99,100,,,,,,,2.5,101.6,1,304.7,<0.05,0,0,0,0,0
136,2G5114P-CHEM-0076025,2G5114P,,1196782A1,NO,100,98,S1,99,99,101,101,100,98,,,,,,,2.6,100.5,1.1,301.5,<0.05,0,0,0,0,0
137,2G5115P-CHEM-0076029,2G5115P,,1196782A1,NO,99,97,S1,99,102,97,101,98,98,,,,,,,3.1,99.8,1.3,299.4,<0.05,0,0,0,0,0
138,2G5116P-CHEM-0076033,2G5116P,,1196782A1,NO,99,96,S1,96,98,100,99,101,100,,,,,,,1.9,99.2,0.8,297.5,<0.05,0,0,0,0,0
139,2G5120P-CHEM-0076052,2G5120P,,1196782A1,NO,100,97,S1,102,97,100,100,100,100,,,,,,,2.6,100.6,1.1,301.7,<0.05,0,0,0,3,3
140,2G5121P-CHEM-0076057,2G5121P,,1196782A1,NO,99,97,S1,99,99,101,98,102,97,,,,,,,2.9,101.1,1.2,303.4,0.05,0,0,0,5,5
141,2H5001P-CHEM-0077054,2H5001P,,1196782A1,NO,102,100,S1,100,103,101,102,103,101,,,,,,,3.9,103,1,309,<0.05,0,0,0,5,5
142,2H5002P-CHEM-0077058,2H5002P,,1196782A1,NO,104,103,S1,103,103,103,103,105,106,,,,,,,4.5,103.4,1.1,310.1,<0.05,0,0,0,1,1
143,2H5003P-CHEM-0077062,2H5003P,,1196782A1,NO,100,97,S1,101,101,102,102,99,97,,,,,,,2.2,101.8,0.8,305.5,<0.05,0,0,0,11,11
144,2H5004P-CHEM-0077067,2H5004P,,1196782A1,NO,99,97,S1,99,98,101,97,97,100,,,,,,,2.6,100.9,1.1,302.8,<0.05,0,0,0,0,0
145,2H5005P-CHEM-0077072,2H5005P,,1196782A1,NO,100,99,S1,100,99,99,102,101,102,,,,,,,3.2,102.3,1,307,<0.05,0,0,0,0,0
146,2H5006P-CHEM-0077076,2H5006P,,1196782A1,NO,100,93,S1,102,93,103,101,102,99,,,,,,,2.9,102.7,0.7,308.2,<0.05,0,0,0,1,1
147,2H5007P-CHEM-0077080,2H5007P,,1196782A1,NO,100,99,S1,100,100,100,99,100,101,,,,,,,1.9,100.8,0.8,302.4,<0.05,0,0,0,0,0
148,2H5008P-CHEM-0077084,2H5008P,,1196782A1,NO,100,98,S1,102,101,98,100,101,98,,,,,,,3.8,101.9,1.4,305.8,<0.05,0,0,0,0,0
149,2H5009P-CHEM-0077088,2H5009P,,1196782A1,NO,100,99,S1,99,101,99,100,100,101,,,,,,,3.5,101.6,1.4,304.9,<0.05,0,0,0,4,4
150,2H5010P-CHEM-0077092,2H5010P,,1196782A1,NO,99,98,S1,99,99,99,101,98,101,,,,,,,2.9,100.2,1.2,300.5,<0.05,0,0,0,3,3
151,2H5072P-CHEM-0079492,2H5072P,,1196782A1,NO,101,99,S1,101,101,99,100,102,103,,,,,,,2.4,100.3,1,300.8,<0.05,0,0,0,7,7
152,2H5073P-CHEM-0079496,2H5073P,,1196782A1,NO,101,99,S1,101,103,99,101,101,100,,,,,,,3.1,99.7,1.3,299,<0.05,0,0,2,1,3
153,2H5074P-CHEM-0079500,2H5074P,,1196782A1,NO,101,99,S1,101,102,102,103,100,99,,,,,,,3,98.4,1.2,295.3,<0.05,0,0,2,0,2
154,2H5075P-CHEM-0079504,2H5075P,,1196782A1,NO,101,98,S1,101,102,102,101,102,98,,,,,,,2.9,100.4,1.2,301.2,<0.05,0,0,0,0,0
155,2H5076P-CHEM-0079508,2H5076P,,1196782A1,NO,100,98,S1,101,100,101,101,98,99,,,,,,,2.9,101.4,1.2,304.2,<0.05,0,0,0,0,0
156,2H5077P-CHEM-0079512,2H5077P,,1196782A1,NO,100,98,S1,101,103,101,98,99,101,,,,,,,2.4,99.6,1,298.8,<0.05,0,0,0,0,0
157,2H5078P-CHEM-0079516,2H5078P,,1196782A1,NO,100,95,S1,101,102,101,100,102,95,,,,,,,3.8,102.4,1.2,307.3,<0.05,0,0,0,0,0
158,2H5079P-CHEM-0079520,2H5079P,,1196782A1,NO,102,101,S1,103,101,101,103,104,102,,,,,,,3.2,103,0.7,309.1,<0.05,0,0,0,8,8
159,2H5080P-CHEM-0079524,2H5080P,,1196782A1,NO,102,101,S1,101,101,102,103,103,102,,,,,,,3.9,101.8,1.5,305.3,<0.05,0,0,1,0,1
160,2H5081P-CHEM-0079528,2H5081P,,1196782A1,NO,100,98,S1,101,102,98,100,102,99,,,,,,,3,101.9,1.1,305.6,<0.05,0,0,0,8,8
161,2H5082P-CHEM-0079532,2H5082P,,1196782A1,NO,101,98,S1,100,101,102,98,102,101,,,,,,,3,102.6,0.8,307.9,<0.05,0,0,0,1,1
162,2H5083P-CHEM-0079536,2H5083P,,1196782A1,NO,100,98,S1,100,101,99,101,99,98,,,,,,,3,101.9,1.1,305.6,<0.05,0,0,0,0,0
163,2H5084P-CHEM-0079540,2H5084P,,1196782A1,NO,100,99,S1,100,103,100,100,101,99,,,,,,,3.4,101.8,1.3,305.4,<0.05,0,0,0,0,0
164,2H5085P-CHEM-0079544,2H5085P,,1196782A1,NO,101,99,S1,101,101,102,102,99,101,,,,,,,2.6,101.2,1.1,303.7,<0.05,0,0,0,0,0
165,2H5086P-CHEM-0079548,2H5086P,,1196782A1,NO,100,98,S1,100,98,101,102,101,100,,,,,,,2.8,101.7,1.1,305,<0.05,0,0,0,0,0
166,2H5120P-CHEM-0080947,2H5120P,,1196782A1,NO,99,97,S1,98,101,101,100,99,97,,,,,,,3.4,101.5,1.4,304.4,<0.05,0,0,0,0,0
167,2H5121P-CHEM-0080951,2H5121P,,1196782A1,NO,98,87,S2,100,99,100,100,87,101,100,99,101,97,98,99,1.9,101.2,0.8,303.6,<0.05,0,0,7,0,7
168,2J5004P-CHEM-0081894,2J5004P,,1196782A1,NO,99,92,S1,102,101,100,92,101,101,,,,,,,4,101.9,1.5,305.8,<0.05,0,0,0,0,0
169,2J5005P-CHEM-0081898,2J5005P,,1196782A1,NO,100,98,S1,99,98,100,101,102,100,,,,,,,4.2,101.9,1.6,305.8,<0.05,0,0,0,0,0
170,2J5006P-CHEM-0081902,2J5006P,,1196782A1,NO,100,95,S1,95,102,101,101,98,101,,,,,,,3.1,101.7,1.2,305,<0.05,0,0,0,0,0
171,2J5007P-CHEM-0081906,2J5007P,,1196782A1,NO,101,100,S1,100,102,101,100,102,100,,,,,,,2.8,102.6,0.7,307.9,<0.05,0,0,0,0,0
172,2J5008P-CHEM-0081910,2J5008P,,1196782A1,NO,99,98,S1,100,99,98,101,100,99,,,,,,,2.2,101.3,0.9,303.9,<0.05,0,0,0,0,0
173,2J5009P-CHEM-0081914,2J5009P,,1196782A1,NO,100,99,S1,99,100,101,102,102,100,,,,,,,2.4,101.1,1,303.2,<0.05,0,0,1,1,2
174,2J5010P-CHEM-0081918,2J5010P,,1196782A1,NO,101,99,S1,102,102,101,103,99,101,,,,,,,2.6,100.8,1.1,302.3,0.05,0,0,0,0,0
175,2J5011P-CHEM-0081922,2J5011P,,1196782A1,NO,100,99,S1,100,100,99,100,101,100,,,,,,,2.6,100.2,1.1,300.7,0.05,0,0,0,0,0
176,2J5012P-CHEM-0081926,2J5012P,,1196782A1,YES,100,99,S1,100,100,101,99,100,100,,,,,,,1.7,99.7,0.7,299.1,<0.05,0,0,0,0,0
177,2J5013P-CHEM-0081930,2J5013P,,1196782A1,NO,101,99,S1,99,99,101,101,101,103,,,,,,,2.2,100.7,0.9,302.2,<0.05,0,0,0,0,0
178,2J5014P-CHEM-0081938,2J5014P,,1196782A1,NO,100,98,S1,99,102,102,98,99,99,,,,,,,3.1,99.7,1.3,299,<0.05,0,0,0,0,0
179,2J5015P-CHEM-0081942,2J5015P,,1196782A1,NO,98,93,S1,101,93,100,93,100,99,,,,,,,2.2,100.3,0.9,300.8,<0.05,0,0,0,0,0
180,2J5016P-CHEM-0081946,2J5016P,,1196782A1,NO,99,96,S1,101,101,97,100,96,100,,,,,,,1.9,101,0.8,303.1,<0.05,0,0,1,0,1
181,2J5017P-CHEM-0081950,2J5017P,,1196782A1,NO,99,98,S1,100,98,98,100,100,98,,,,,,,2.6,100.5,1.1,301.6,<0.05,0,0,1,0,1
182,2J5018P-CHEM-0081954,2J5018P,,1196782A1,NO,102,101,S1,103,102,104,102,101,102,,,,,,,3.9,102.5,1.2,307.4,<0.05,0,0,0,0,0
183,2J5071P-CHEM-0082954,2J5071P,,1196782A1,NO,101,99,S1,100,102,102,100,102,99,,,,,,,3.8,102.9,1,308.6,<0.05,0,0,0,0,0
184,2J5072P-CHEM-0082958,2J5072P,,1196782A1,NO,102,100,S1,102,101,100,103,100,103,,,,,,,2.9,101.8,1.1,305.5,<0.05,0,0,0,0,0
185,2J5073P-CHEM-0082962,2J5073P,,1196782A1,NO,97,94,S1,99,98,94,99,95,100,,,,,,,3.2,102.3,1,306.8,<0.05,0,0,0,0,0
186,2J5074P-CHEM-0082966,2J5074P,,1196782A1,NO,100,88,S2,103,100,103,101,88,101,99,98,103,97,103,101,3.5,102.1,1.2,306.3,<0.05,0,0,0,0,0
187,2J5075P-CHEM-0082970,2J5075P,,1196782A1,NO,101,100,S1,101,101,103,102,101,100,,,,,,,1.7,101.3,0.7,303.8,<0.05,0,0,0,0,0
188,2J5076P-CHEM-0082974,2J5076P,,1196782A1,NO,101,97,S1,100,103,102,99,97,102,,,,,,,2.4,100.8,1,302.4,<0.05,0,0,0,0,0
189,2J5077P-CHEM-0082978,2J5077P,,1196782A1,NO,100,99,S1,99,99,100,99,101,100,,,,,,,2.6,100.5,1.1,301.4,<0.05,0,0,1,1,2
190,2J5078P-CHEM-0082982,2J5078P,,1196782A1,NO,102,100,S1,100,103,103,103,103,101,,,,,,,1.9,100.7,0.8,302,<0.05,0,0,0,0,0
191,2J5079P-CHEM-0082986,2J5079P,,1196782A1,YES,100,98,S1,101,98,100,101,102,100,,,,,,,3.4,100.8,1.4,302.5,<0.05,0,0,0,1,1
192,2J5086P-CHEM-0083014,2J5086P,,1196782A1,NO,100,98,S1,99,101,98,101,102,100,,,,,,,2.4,100.5,1,301.4,<0.05,0,0,0,4,4
193,2J5087P-CHEM-0083018,2J5087P,,1196782A1,NO,102,101,S1,101,103,102,102,102,101,,,,,,,1.9,101.3,0.8,303.8,<0.05,0,0,0,0,0
194,2K5001P-CHEM-0085045,2K5001P,,1196782A1,NO,100,88,S2,88,101,100,100,101,97,102,102,100,100,101,101,2.2,100.6,0.9,301.8,<0.05,0,0,0,0,0
195,2K5002P-CHEM-0085049,2K5002P,,1196782A1,NO,99,98,S1,98,99,100,100,101,98,,,,,,,2.6,100.2,1.1,300.5,<0.05,0,0,0,0,0
196,2K5003P-CHEM-0085053,2K5003P,,1196782A1,NO,101,99,S1,99,103,102,100,102,102,,,,,,,1,100.9,0.4,302.6,<0.05,0,0,0,0,0
197,2K5004P-CHEM-0085057,2K5004P,,1196782A1,NO,101,99,S1,99,100,101,105,100,101,,,,,,,2.6,100,1.1,300,<0.05,0,0,0,0,0
198,2K5005P-CHEM-0085061,2K5005P,,1196782A1,NO,99,87,S2,87,101,102,100,100,101,100,101,94,99,102,103,2.2,100.5,0.9,301.6,<0.05,0,0,0,0,0
199,2K5011P-CHEM-0085090,2K5011P,,1196782A1,NO,101,97,S1,103,101,102,101,97,102,,,,,,,2.8,101.9,1,305.8,<0.05,0,0,0,1,1
200,2K5012P-CHEM-0085094,2K5012P,,1196782A1,NO,100,85,S2,101,99,103,85,102,102,103,101,102,100,103,102,2.6,101.7,1,305.2,<0.05,0,0,0,3,3
201,2K5013P-CHEM-0085098,2K5013P,,1196782A1,NO,101,96,S1,96,103,102,104,102,101,,,,,,,2.5,102.1,0.8,306.4,<0.05,0,0,0,0,0
202,2K5014P-CHEM-0085102,2K5014P,,1196782A1,NO,100,98,S1,98,101,101,101,101,100,,,,,,,2.6,101.2,1.1,303.5,<0.05,0,0,0,0,0
203,2K5015P-CHEM-0085106,2K5015P,,1196782A1,NO,98,93,S1,96,98,103,100,100,93,,,,,,,3.1,102,1.1,306,<0.05,0,0,0,0,0
204,2K5016P-CHEM-0085110,2K5016P,,1196782A1,NO,97,91,S1,91,94,99,103,93,102,,,,,,,5.1,103.2,1.4,309.5,<0.05,0,0,0,2,2
205,2K5065P-CHEM-0086972,2K5065P,,1196782A1,YES,101,98,S1,98,100,102,101,101,103,,,,,,,2.4,101.7,0.9,305.1,<0.05,0,0,0,0,0
206,2K5066P-CHEM-0086976,2K5066P,,1196782A1,NO,99,98,S1,98,100,102,99,100,98,,,,,,,3.6,102.2,1.2,306.5,<0.05,0,0,0,0,0
207,2K5067P-CHEM-0086980,2K5067P,,1196782A1,NO,102,99,S1,99,104,100,102,102,103,,,,,,,3.2,102.3,1,307,<0.05,0,0,0,0,0
208,2K5068P-CHEM-0086984,2K5068P,,1196782A1,NO,100,98,S1,100,101,103,98,99,100,,,,,,,3.4,102.3,1.1,307,<0.05,0,0,0,0,0
209,2K5069P-CHEM-0086988,2K5069P,,1196782A1,NO,100,90,S1,101,102,102,102,100,90,,,,,,,3,101.6,1.2,304.7,<0.05,0,0,0,0,0
210,2K5070P-CHEM-0086992,2K5070P,,1196782A1,NO,101,99,S1,100,102,100,102,99,102,,,,,,,3.1,101.7,1.2,305,<0.05,0,0,0,0,0
211,2K5071P-CHEM-0086996,2K5071P,,1196782A1,NO,101,99,S1,99,104,99,102,101,100,,,,,,,1.9,100.7,0.8,302.2,<0.05,0,0,0,0,0
212,2K5072P-CHEM-0087000,2K5072P,,1196782A1,NO,99,96,S1,98,97,101,102,96,103,,,,,,,2.4,101.2,1,303.6,<0.05,0,0,0,0,0
213,2K5073P-CHEM-0087004,2K5073P,,1196782A1,NO,101,97,S1,102,103,101,104,99,97,,,,,,,2.7,101.8,1,305.5,<0.05,0,0,0,0,0
214,2K5074P-CHEM-0087008,2K5074P,,1196782A1,NO,100,98,S1,98,100,98,104,100,101,,,,,,,2.4,100.9,1,302.8,<0.05,0,0,0,0,0
215,2K5075P-CHEM-0087785,2K5075P,,1196782A1,NO,101,99,S1,100,99,100,102,102,101,,,,,,,3.3,101.9,1.2,305.7,<0.05,0,0,0,0,0
216,2K5076P-CHEM-0087789,2K5076P,,1196782A1,NO,99,97,S1,99,98,97,102,99,101,,,,,,,3.4,101.5,1.4,304.6,<0.05,0,0,0,0,0
217,2K5078P-CHEM-0087798,2K5078P,,1196782A1,NO,100,97,S1,100,101,99,103,97,99,,,,,,,2.7,102.3,0.8,306.9,<0.05,0,0,0,0,0
218,2K5079P-CHEM-0087802,2K5079P,,1196782A1,NO,100,99,S1,100,99,104,99,99,101,,,,,,,3,102.3,0.9,306.9,<0.05,0,0,0,0,0
219,2K5080P-CHEM-0087806,2K5080P,,1196782A1,NO,99,92,S1,101,100,100,92,102,100,,,,,,,2.6,101.3,1.1,304,<0.05,0,0,0,1,1
220,2L5001P-CHEM-0088503,2L5001P,,1196782A1,NO,101,99,S1,100,99,99,104,102,101,,,,,,,3.7,101.6,1.5,304.7,<0.05,0,0,0,0,0
221,2L5002P-CHEM-0088507,2L5002P,,1196782A1,NO,100,98,S1,100,102,102,98,100,99,,,,,,,2.7,102,0.9,306,<0.05,0,0,0,0,0
222,2L5060P-CHEM-0091058,2L5060P,,1196782A1,NO,99,93,S1,96,100,93,102,99,102,,,,,,,2.9,102,1,306.1,<0.05,0,0,0,0,0
223,2L5061P-CHEM-0091062,2L5061P,,1196782A1,NO,98,78,S2,101,101,78,101,102,102,96,102,97,100,101,99,2.3,102.6,0.5,307.7,<0.05,0,0,0,0,0
224,2L5062P-CHEM-0091066,2L5062P,,1196782A1,NO,100,97,S1,100,100,99,97,102,101,,,,,,,1.9,101.4,0.8,304.1,<0.05,0,0,0,0,0
225,2L5063P-CHEM-0091070,2L5063P,,1196782A1,NO,99,92,S1,100,100,101,99,101,92,,,,,,,2.7,102,0.9,306,<0.05,0,0,0,0,0
226,2M5012P-CHEM-0092171,2M5012P,,1196782A1,NO,101,100,S1,100,101,100,102,100,103,,,,,,,3.4,100.2,1.4,300.6,<0.05,0,0,0,0,0
227,3A5001P-CHEM-0094130,3A5001P,1/4/2013,1196782A1,NO,100,97,S1,101,99,102,102,97,97,,,,,,,2.9,101,1.2,303,<0.05,0,0,0,0,0
228,3A5002P-CHEM-0094134,3A5002P,1/8/2013,1196782A1,NO,102,100,S1,100,103,102,101,101,103,,,,,,,5,102.9,1.5,308.6,<0.05,0,0,0,0,0
229,3A5003P-CHEM-0094138,3A5003P,1/8/2013,1196782A1,NO,101,99,S1,99,100,101,103,101,104,,,,,,,4.8,102.5,1.6,307.4,<0.05,0,0,0,0,0
230,3A5004P-CHEM-0094142,3A5004P,1/8/2013,1196782A1,NO,99,97,S1,99,98,97,99,102,102,,,,,,,2.4,100.7,1,302.2,<0.05,0,0,0,0,0
231,3A5005P-CHEM-0094146,3A5005P,1/9/2013,1196782A1,NO,101,93,S1,93,103,103,104,103,99,,,,,,,4,102.4,1.3,307.2,<0.05,0,0,0,0,0
232,3A5006P-CHEM-0094150,3A5006P,1/9/2013,1196782A1,NO,100,96,S1,96,103,103,98,101,101,,,,,,,2.2,101.4,0.9,304.1,<0.05,0,0,0,0,0
233,3A5007P-CHEM-0094154,3A5007P,1/10/2013,1196782A1,NO,101,99,S1,99,102,99,103,102,100,,,,,,,2.5,101.6,1,304.8,<0.05,0,0,0,0,0
234,3A5008P-CHEM-0094158,3A5008P,1/10/2013,1196782A1,NO,101,100,S1,100,102,101,101,101,101,,,,,,,2.4,101.2,1,303.5,<0.05,0,0,0,0,0
235,3A5060P-CHEM-0096484,3A5060P,1/15/2013,1196782A1,NO,100,99,S1,99,101,101,99,101,101,,,,,,,3.2,102.1,1.1,306.2,<0.05,0,0,0,0,0
236,3A5061P-CHEM-0096488,3A5061P,1/15/2013,1196782A1,NO,100,97,S1,97,101,100,100,99,100,,,,,,,2.6,101.3,1.1,304,<0.05,0,0,0,0,0
237,3A5062P-CHEM-0096492,3A5062P,1/15/2013,1196782A1,NO,101,99,S1,99,102,101,102,102,102,,,,,,,3.8,101.9,1.4,305.8,<0.05,0,0,0,0,0
238,3A5063P-CHEM-0096496,3A5063P,1/16/2013,1196782A1,NO,101,98,S1,98,101,100,101,101,103,,,,,,,2.8,102.1,0.9,306.4,<0.05,0,0,0,0,0
239,3A5064P-CHEM-0096500,3A5064P,1/16/2013,1196782A1,NO,100,97,S1,97,100,99,105,101,99,,,,,,,3.9,102.5,1.2,307.4,<0.05,0,0,0,0,0
240,3A5065P-CHEM-0096504,3A5065P,1/17/2013,1196782A1,NO,100,96,S1,96,102,100,101,101,101,,,,,,,3,101.6,1.2,304.9,<0.05,0,0,0,0,0
241,3A5066P-CHEM-0096508,3A5066P,1/17/2013,1196782A1,NO,101,100,S1,101,101,103,100,101,102,,,,,,,2.6,101.5,1.1,304.4,<0.05,0,0,0,0,0
242,3A5067P-CHEM-0096512,3A5067P,1/23/2013,1196782A1,NO,100,97,S1,97,101,101,102,102,99,,,,,,,2.9,100.5,1.2,301.5,<0.05,0,0,0,0,0
243,3A5088P-CHEM-0098007,3A5088P,2/5/2013,1196782A1,NO,101,99,S1,101,102,101,101,99,103,,,,,,,2.5,101.6,1,304.9,<0.05,0,0,0,0,0
244,3B5001P-CHEM-0099018,3B5001P,2/5/2013,1196782A1,NO,101,100,S1,100,100,103,101,102,100,,,,,,,3.4,100.7,1.4,302,<0.05,0,0,1,0,1
245,3B5002P-CHEM-0099022,3B5002P,2/6/2013,1196782A1,NO,101,97,S1,100,102,100,97,102,103,,,,,,,2.4,100.4,1,301.1,<0.05,0,0,0,1,1
246,3B5003P-CHEM-0099026,3B5003P,2/6/2013,1196782A1,NO,100,98,S1,103,98,100,99,101,99,,,,,,,2.2,100.4,0.9,301.2,<0.05,0,0,0,0,0
247,3B5004P-CHEM-0099030,3B5004P,2/7/2013,1196782A1,NO,100,98,S1,100,100,98,101,101,102,,,,,,,2.2,100.6,0.9,301.7,<0.05,0,0,0,0,0
248,3B5005P-CHEM-0099034,3B5005P,2/12/2013,1196782A1,NO,101,97,S1,97,101,101,103,102,100,,,,,,,3.1,99.7,1.3,299.2,<0.05,0,0,0,0,0
249,3B5006P-CHEM-0099038,3B5006P,2/12/2013,1196782A1,NO,99,95,S1,95,100,103,100,99,99,,,,,,,2.4,100.5,1,301.4,<0.05,0,0,0,0,0
250,3B5007P-CHEM-0099042,3B5007P,2/13/2013,1196782A1,NO,100,98,S1,98,101,100,101,102,99,,,,,,,2.2,101.4,0.9,304.2,<0.05,0,0,0,1,1
251,3B5008P-CHEM-0099046,3B5008P,2/13/2013,1196782A1,NO,100,99,S1,99,100,100,102,100,102,,,,,,,2.2,101.8,0.8,305.4,<0.05,0,0,0,0,0
252,3B5009P-CHEM-0099050,3B5009P,2/14/2013,1196782A1,NO,100,99,S1,99,102,100,99,102,101,,,,,,,2.4,100.5,1,301.5,<0.05,0,0,1,0,1
253,3B5010P-CHEM-0099054,3B5010P,2/14/2013,1196782A1,NO,100,97,S1,97,100,101,99,101,103,,,,,,,4.1,102.7,1.2,308.1,<0.05,0,0,0,0,0
254,3B5011P-CHEM-0099058,3B5011P,2/20/2013,1196782A1,NO,100,96,S1,96,101,102,99,99,101,,,,,,,2.2,100,0.9,300.1,<0.05,0,0,1,0,1
255,3B5056P-CHEM-0100358,3B5056P,2/20/2013,1196782A1,NO,100,96,S1,96,99,101,100,101,102,,,,,,,1.9,100.7,0.8,302,<0.05,0,0,0,0,0
256,3B5057P-CHEM-0100362,3B5057P,2/21/2013,1196782A1,NO,100,97,S1,99,97,102,100,100,102,,,,,,,2.9,100.9,1.2,302.6,<0.05,0,0,0,0,0
257,3B5058P-CHEM-0100366,3B5058P,2/21/2013,1196782A1,NO,101,97,S1,97,101,103,104,101,102,,,,,,,2.9,101.5,1.2,304.5,<0.05,0,0,0,0,0
258,3B5059P-CHEM-0100370,3B5059P,2/22/2013,1196782A1,NO,100,97,S1,97,101,100,100,102,100,,,,,,,2.3,101.6,0.9,304.9,<0.05,0,0,0,0,0
259,3B5060P-CHEM-0100374,3B5060P,2/26/2002,1196782A1,NO,100,97,S1,98,97,100,102,101,102,,,,,,,2.2,101.5,0.9,304.4,<0.05,0,0,0,0,0
260,3B5061P-CHEM-0100378,3B5061P,2/26/2013,1196782A1,NO,100,98,S1,100,100,100,98,100,103,,,,,,,2.2,100.9,0.9,302.8,<0.05,0,0,0,0,0
261,3B5062P-CHEM-0100382,3B5062P,2/26/2013,1196782A1,NO,100,95,S1,95,102,100,101,101,101,,,,,,,2.6,101.1,1.1,303.4,<0.05,0,0,0,0,0
262,3B5063P-CHEM-0100386,3B5063P,2/27/2013,1196782A1,NO,102,101,S1,101,101,102,103,102,103,,,,,,,1.7,101.3,0.7,304,<0.05,0,0,0,0,0
263,3C5004P-CHEM-0100999,3C5004P,3/12/2013,1196782A1,NO,101,99,S1,101,101,101,102,103,99,,,,,,,3.5,102.1,1.2,306.4,<0.05,0,0,0,0,0
264,3C5005P-CHEM-0101003,3C5005P,3/12/2002,1196782A1,NO,101,99,S1,99,100,105,99,103,99,,,,,,,3.6,100.7,1.5,302.1,<0.05,0,0,2,0,2
265,3C5006P-CHEM-0101007,3C5006P,3/13/2013,1196782A1,NO,100,100,S1,100,100,100,101,101,101,,,,,,,2.4,101.4,1,304.1,<0.05,0,0,0,0,0
266,3C5007P-CHEM-0101011,3C5007P,3/13/2013,1196782A1,NO,100,99,S1,99,101,100,101,100,100,,,,,,,2.9,101.1,1.2,303.4,<0.05,0,0,0,0,0
267,3C5049P-CHEM-0101467,3C5049P,3/15/2013,1196782A1,NO,100,98,S1,99,102,100,98,100,103,,,,,,,2.6,100.8,1.1,302.3,<0.05,0,0,0,0,0
268,3C5050P-CHEM-0101471,3C5050P,3/18/2013,1196782A1,NO,100,98,S1,100,100,99,98,101,102,,,,,,,2.9,101,1.2,303,<0.05,0,0,3,2,5
269,3C5051P-CHEM-0101475,3C5051P,3/18/2013,1196782A1,NO,100,97,S1,97,101,101,103,99,99,,,,,,,2.7,101.6,1.1,304.7,<0.05,0,0,1,2,3
270,3C5052P-CHEM-0101479,3C5052P,3/19/2013,1196782A1,NO,101,98,S1,98,101,102,102,100,100,,,,,,,2.9,102.2,0.9,306.6,<0.05,0,0,0,0,0
271,3C5089P-CHEM-0104164,3C5089P,3/25/2013,1196782A1,NO,100,97,S1,97,101,99,101,101,103,,,,,,,3.2,102.1,1.1,306.2,<0.05,0,0,0,0,0
272,3C5090P-CHEM-0104168,3C5090P,3/25/2013,1196782A1,NO,101,99,S1,100,101,99,102,102,102,,,,,,,3.6,101.3,1.5,304,<0.05,0,0,0,1,1
273,3C5091P-CHEM-0104172,3C5091P,3/26/2013,1196782A1,YES,101,97,S1,99,103,97,101,102,101,,,,,,,2.3,101.9,0.8,305.8,<0.05,0,0,0,0,0
274,3C5092P-CHEM-0104176,3C5092P,3/26/2013,1196782A1,NO,101,99,S1,101,101,99,102,101,103,,,,,,,2,101.6,0.8,304.8,<0.05,0,0,0,0,0
275,3C5093P-CHEM-0104180,3C5093P,3/27/2013,1196782A1,NO,100,99,S1,101,99,100,100,100,99,,,,,,,3.1,101.7,1.2,305.2,<0.05,0,0,0,0,0
276,3C5094P-CHEM-0104184,3C5094P,3/27/2013,1196782A1,NO,100,96,S1,100,99,100,102,96,101,,,,,,,2.9,100.9,1.2,302.8,<0.05,0,0,0,0,0
277,3C5095P-CHEM-0104188,3C5095P,3/27/2013,1196782A1,NO,100,97,S1,99,101,102,97,101,99,,,,,,,2.6,100.5,1.1,301.6,<0.05,0,0,0,0,0
278,3C5096P-CHEM-0104192,3C5096P,3/28/2013,1196782A1,NO,99,95,S1,99,101,98,99,95,100,,,,,,,2.2,99.9,0.9,299.7,<0.05,0,0,0,0,0
279,3C5097P-CHEM-0104196,3C5097P,3/28/2013,1196782A1,NO,99,96,S1,96,98,99,101,101,99,,,,,,,2.6,100.6,1.1,301.9,<0.05,0,0,0,0,0
280,3C5122P-CHEM-0105308,3C5122P,3/28/2013,1196782A1,NO,100,98,S1,99,99,101,98,102,100,,,,,,,3.4,101.8,1.3,305.4,<0.05,0,0,0,1,1
281,3D5001P-CHEM-0105770,3D5001P,4/3/2013,1196782A1,NO,100,99,S1,100,99,99,102,99,103,,,,,,,2.6,100.5,1.1,301.5,<0.05,0,0,0,5,5
282,3D5002P-CHEM-0105774,3D5002P,4/3/2013,1196782A1,NO,101,98,S1,98,103,102,101,100,102,,,,,,,2.6,101.5,1.1,304.5,<0.05,0,0,0,1,1
283,3D5003P-CHEM-0105778,3D5003P,4/4/2013,1196782A1,NO,99,95,S1,95,102,99,101,103,97,,,,,,,3.1,101.1,1.3,303.2,<0.05,0,0,0,0,0
284,3D5004P-CHEM-0105782,3D5004P,4/4/2013,1196782A1,NO,100,98,S1,100,102,99,100,98,100,,,,,,,2.4,100.8,1,302.5,<0.05,0,0,0,2,2
285,3D5005P-CHEM-0105786,3D5005P,4/4/2013,1196782A1,NO,100,91,S1,100,91,102,103,102,102,,,,,,,2.9,102,1,306.1,<0.05,0,0,0,1,1
286,3D5006P-CHEM-0105790,3D5006P,4/5/2013,1196782A1,NO,100,99,S1,99,102,101,100,100,99,,,,,,,2.9,100.4,1.2,301.1,<0.05,0,0,0,0,0
287,3D5007P-CHEM-0105794,3D5007P,4/9/2013,1196782A1,NO,99,95,S1,98,100,95,100,101,100,,,,,,,2.9,102.2,0.9,306.5,<0.05,0,0,0,1,1
288,3D5008P-CHEM-0105798,3D5008P,4/9/2013,1196782A1,NO,101,100,S1,100,102,102,101,101,102,,,,,,,2.5,101.6,1,304.9,<0.05,0,0,0,0,0
289,3D5009P-CHEM-0105802,3D5009P,4/10/2013,1196782A1,NO,101,99,S1,99,101,101,102,102,101,,,,,,,4.1,102.5,1.3,307.4,<0.05,0,0,0,0,0
290,3D5010P-CHEM-0105806,3D5010P,4/10/2013,1196782A1,NO,101,98,S1,98,102,102,104,102,99,,,,,,,2.6,101.7,1,305.1,<0.05,0,0,0,0,0
291,3D5013P-CHEM-0105818,3D5013P,4/10/2013,1196782A1,NO,102,101,S1,101,102,103,103,101,103,,,,,,,3.4,102.7,0.5,303.9,<0.05,0,0,1,2,3
292,3D5011P-CHEM-0105810,3D5011P,4/11/2013,1196782A1,NO,100,97,S1,100,100,102,101,97,102,,,,,,,2.4,103.2,1.1,308.2,<0.05,0,0,0,0,0
293,3D5012P-CHEM-0105814,3D5012P,4/11/2013,1196782A1,YES,101,99,S1,102,102,99,101,100,101,,,,,,,4.3,101.3,1.4,309.7,<0.05,0,0,0,3,3
294,3D5014P-CHEM-0105822,3D5014P,4/12/2013,1196782A1,NO,101,100,S1,100,101,103,101,103,100,,,,,,,2.2,102,0.7,306.1,<0.05,0,0,0,0,0
295,3D5015P-CHEM-0105826,3D5015P,4/15/2013,1196782A1,NO,101,100,S1,101,100,103,100,101,100,,,,,,,2.9,101.5,1.2,304.6,<0.05,0,0,0,1,1
296,3D5061P-CHEM-0107833,3D5061P,4/22/2013,1196782A1,NO,101,100,S1,102,100,103,101,101,101,,,,,,,4.4,102.5,1.4,307.6,<0.05,0,0,0,1,1
297,3D5062P-CHEM-0107837,3D5062P,4/22/2013,1196782A1,NO,100,97,S1,102,99,100,97,103,101,,,,,,,3.4,101.3,1.4,303.9,<0.05,0,0,0,0,0
298,3D5063P-CHEM-0107841,3D5063P,4/23/2013,1196782A1,NO,100,96,S1,102,101,101,100,96,100,,,,,,,3.5,101.9,1.3,305.8,<0.05,0,0,0,2,2
299,3D5064P-CHEM-0107845,3D5064P,4/23/2013,1196782A1,NO,99,98,S1,99,100,98,98,99,102,,,,,,,3.2,101.6,1.3,304.7,<0.05,0,0,0,0,0
300,3D5065P-CHEM-0107849,3D5065P,4/24/2013,1196782A1,NO,101,98,S1,100,104,101,100,101,98,,,,,,,4,101.9,1.5,305.7,<0.05,0,0,0,1,1
301,3D5066P-CHEM-0107853,3D5066P,4/24/2013,1196782A1,NO,102,100,S1,100,102,100,101,102,104,,,,,,,3.4,101.8,1.3,305.3,<0.05,0,0,0,1,1
302,3D5067P-CHEM-0107857,3D5067P,4/24/2013,1196782A1,NO,102,100,S1,101,102,103,100,102,102,,,,,,,3.2,101.6,1.3,304.7,<0.05,0,0,0,0,0
303,3D5068P-CHEM-0107861,3D5068P,4/25/2013,1196782A1,NO,101,97,S1,99,103,103,104,103,97,,,,,,,2.6,101.7,1,305.1,<0.05,0,0,0,0,0
304,3D5069P-CHEM-0107865,3D5069P,4/25/2013,1196782A1,NO,100,98,S1,98,100,101,102,99,101,,,,,,,2.6,100.5,1.1,301.6,<0.05,0,0,0,0,0
305,3D5101P-CHEM-0109160,3D5101P,5/1/2013,1196782A1,NO,100,99,S1,100,99,103,100,99,102,,,,,,,3.6,102.2,1.2,306.5,<0.05,0,0,0,0,0
306,3D5102P-CHEM-0109164,3D5102P,5/1/2013,1196782A1,NO,101,100,S1,100,100,101,102,103,101,,,,,,,2.2,101.1,0.9,303.4,<0.05,0,0,0,0,0
307,3D5103P-CHEM-0109168,3D5103P,5/2/2013,1196782A1,NO,101,99,S1,101,102,99,101,101,102,,,,,,,2.2,100.5,0.9,301.4,<0.05,0,0,0,0,0
308,3E5005P-CHEM-0109270,3E5005P,5/7/2013,1196782A1,NO,102,101,S1,101,102,101,102,102,103,,,,,,,2.3,102.4,0.6,307.2,<0.05,0,0,0,0,0
309,3E5006P-CHEM-0109274,3E5006P,5/8/2013,1196782A1,NO,102,100,S1,100,101,102,103,101,102,,,,,,,3.4,102,1.2,306.1,<0.05,0,0,0,0,0
310,3E5007P-CHEM-0109278,3E5007P,5/8/2013,1196782A1,NO,101,100,S1,100,101,102,101,101,101,,,,,,,1.4,101.3,0.6,303.9,<0.05,0,0,0,0,0
311,3E5008P-CHEM-0109282,3E5008P,5/9/2013,1196782A1,NO,99,97,S1,98,100,98,100,97,102,,,,,,,1.7,101.1,0.7,303.2,<0.05,0,0,0,0,0
312,3E5009P-CHEM-0109286,3E5009P,5/9/2013,1196782A1,NO,100,96,S1,100,101,101,102,96,101,,,,,,,2.6,101.1,1.1,303.4,<0.05,0,0,0,0,0
313,3E5010P-CHEM-0109290,3E5010P,5/10/2013,1196782A1,NO,101,99,S1,101,99,102,101,102,102,,,,,,,2.9,101.1,1.2,303.2,<0.05,0,0,0,0,0
314,3E5011P-CHEM-0110462,3E5011P,5/14/2013,1196782A1,NO,102,99,S1,101,102,102,99,101,103,,,,,,,3.3,101.7,1.3,305,<0.05,0,0,0,2,2
315,3E5040P-CHEM-0110466,3E5040P,5/14/2013,1196782A1,NO,101,99,S1,101,99,102,100,102,103,,,,,,,3.7,101.8,1.4,305.3,<0.05,0,0,0,0,0
316,3E5041P-CHEM-0110470,3E5041P,5/15/2013,1196782A1,NO,102,100,S1,100,103,101,103,104,103,,,,,,,2.9,101.8,1.1,305.5,<0.05,0,0,0,0,0
317,3E5042P-CHEM-0110474,3E5042P,5/15/2013,1196782A1,NO,103,100,S1,104,104,102,103,103,100,,,,,,,2.3,101.6,0.9,304.9,<0.05,0,0,0,1,1
318,3E5057P-CHEM-0111213,3E5057P,5/16/2013,1196782A1,NO,101,98,S1,101,102,98,102,103,100,,,,,,,2.9,101.8,1.1,305.3,<0.05,0,0,0,0,0
319,3E5058P-CHEM-0111217,3E5058P,5/16/2013,1196782A1,NO,100,96,S1,96,102,102,102,101,97,,,,,,,2.6,101.1,1.1,303.3,<0.05,0,0,0,2,2
320,3E5059P-CHEM-0111221,3E5059P,5/17/2013,1196782A1,NO,100,95,S1,95,100,102,102,101,103,,,,,,,2.6,100.6,1.1,301.8,<0.05,0,0,0,0,0
321,3F5090P-CHEM-0115351,3F5090P,6/8/2013,1196782A1,NO,101,99,S1,99,102,102,101,100,102,,,,,,,3.6,102.9,0.9,308.7,<0.05,0,1,0,0,1
322,3F5091P-CHEM-0115355,3F5091P,6/19/2013,1196782A1,NO,100,96,S1,98,101,100,100,96,102,,,,,,,1.4,100.9,0.6,302.8,<0.05,0,0,0,0,0
323,3F5092P-CHEM-0115359,3F5092P,6/19/2013,1196782A1,NO,100,95,S1,95,97,103,101,100,102,,,,,,,2.9,100.2,1.2,300.6,<0.05,0,0,0,0,0
324,3F5093P-CHEM-0115363,3F5093P,6/20/2013,1196782A1,NO,100,95,S1,98,100,95,101,101,102,,,,,,,3,101.9,1.1,305.6,<0.05,0,0,0,0,0
325,3F5094P-CHEM-0115367,3F5094P,6/20/2013,1196782A1,NO,100,99,S1,99,99,101,100,100,100,,,,,,,2.2,100.3,0.9,300.9,<0.05,0,0,0,0,0
326,3F5097P-CHEM-0115379,3F5097P,6/27/2013,1196782A1,NO,102,98,S1,101,98,102,101,104,103,,,,,,,1.9,101.4,0.8,304.1,<0.05,0,1,0,2,3
327,3F5098P-CHEM-0115383,3F5098P,6/27/2013,1196782A1,NO,100,98,S1,99,98,101,101,101,103,,,,,,,1.9,101.1,0.8,303.4,<0.05,0,0,0,0,0
328,3F5099P-CHEM-0115387,3F5099P,6/27/2013,1196782A1,NO,102,101,S1,101,102,103,101,102,102,,,,,,,1.4,100.9,0.6,302.8,<0.05,0,0,0,1,1
329,3F5100P-CHEM-0115391,3F5100P,6/28/2013,1196782A1,NO,102,100,S1,100,102,102,101,102,103,,,,,,,1.4,100.8,0.6,302.4,<0.05,0,0,0,2,2
330,3G73496-CHEM-0118114,3G73496,7/16/2013,1196782A1,NO,101,99,S1,100,100,102,101,101,99,,,,,,,3.7,102.8,1,308.3,<0.05,0,0,0,1,1
331,3G73497-CHEM-0118118,3G73497,7/19/2013,1196782A1,NO,101,99,S1,99,102,101,99,101,103,,,,,,,2.7,102.3,0.8,307,<0.05,0,0,0,0,0
332,3G73498-CHEM-0118122,3G73498,7/19/2013,1196782A1,NO,102,99,S1,101,102,101,99,103,104,,,,,,,3.6,102.2,1.2,306.7,<0.05,0,0,0,1,1
333,3G76641-CHEM-0120275,3G76641,8/6/2013,1196782A1,NO,99,96,S1,96,99,98,102,100,98,,,,,,,3.4,102.7,0.9,308.1,<0.05,0,0,0,0,0
334,3G76643-CHEM-0120283,3G76643,8/6/2013,1196782A1,NO,100,97,S1,97,100,102,101,100,101,,,,,,,4.1,101.8,1.6,305.4,<0.05,0,0,0,0,0
335,3G76644-CHEM-0120287,3G76644,8/7/2013,1196782A1,NO,101,100,S1,100,100,100,102,102,103,,,,,,,2.9,102.2,0.9,306.5,<0.05,0,0,0,1,1
336,3G76645-CHEM-0120291,3G76645,8/7/2013,1196782A1,NO,101,97,S1,97,101,103,102,100,102,,,,,,,2,101.6,0.8,304.8,<0.05,0,0,0,1,1
337,3G76646-CHEM-0120295,3G76646,8/7/2013,1196782A1,NO,100,99,S1,99,99,102,102,99,100,,,,,,,2.5,101.8,0.9,305.4,<0.05,0,1,0,0,1
338,3G76647-CHEM-0120299,3G76647,8/8/2013,1196782A1,NO,100,98,S1,100,102,101,98,101,101,,,,,,,3.4,102,1.2,305.9,<0.05,0,0,0,3,3
339,3G76648-CHEM-0120303,3G76648,8/8/2013,1196782A1,NO,100,98,S1,100,101,101,100,98,99,,,,,,,1.9,100.9,0.8,302.7,<0.05,0,0,1,1,2
340,3G76649-CHEM-0120307,3G76649,8/8/2013,1196782A1,NO,100,97,S1,100,101,97,101,101,102,,,,,,,4,102.4,1.3,307.3,<0.05,0,0,0,1,1
341,3G76650-CHEM-0120311,3G76650,8/12/2013,1196782A1,NO,100,95,S1,95,102,100,103,99,102,,,,,,,1.9,101.3,0.8,303.9,<0.05,0,0,0,0,0
342,3G76651-CHEM-0120315,3G76651,8/12/2013,1196782A1,YES,100,96,S1,101,103,96,100,101,100,,,,,,,3.5,101.6,1.4,304.7,<0.05,0,0,0,4,4
343,3G76652-CHEM-0120319,3G76652,8/12/2013,1196782A1,NO,101,98,S1,101,102,102,98,103,102,,,,,,,2.4,101.4,1,304.3,<0.05,0,0,0,0,0
344,3H63893-CHEM-0121933,3H63893,8/13/2013,1196782A1,NO,101,100,S1,101,101,101,100,100,102,,,,,,,2.2,102,0.7,305.9,<0.05,0,0,0,0,0
345,3H63894-CHEM-0121937,3H63894,8/13/2013,1196782A1,NO,101,98,S1,98,102,101,102,100,100,,,,,,,3.6,101.3,1.5,304,<0.05,0,0,0,1,1
346,3H64009-CHEM-0121941,3H64009,8/14/2013,1196782A1,NO,101,98,S1,101,101,103,102,101,98,,,,,,,2.6,101.5,1.1,304.5,0.05,0,0,0,1,1
347,3H64188-CHEM-0121949,3H64188,8/14/2013,1196782A1,NO,100,98,S1,100,101,102,100,98,99,,,,,,,2.2,101.9,0.8,303.8,<0.05,0,0,0,2,2
348,3H64834-CHEM-0121953,3H64834,8/14/2013,1196782A1,NO,100,98,S1,98,101,100,98,100,102,,,,,,,2.8,101.3,0.9,307.8,<0.05,0,0,0,2,2
349,3H64187-CHEM-0121945,3H64187,8/15/2013,1196782A1,NO,100,97,S1,101,101,102,97,99,101,,,,,,,2.3,102.6,0.7,305.6,<0.05,0,0,0,0,0
350,3H64835-CHEM-0121957,3H64835,8/15/2013,1196782A1,NO,100,97,S1,101,101,99,102,97,101,,,,,,,2.8,102.4,0.8,307.3,<0.05,0,0,0,0,0
351,3H64836-CHEM-0121961,3H64836,8/16/2013,1196782A1,NO,99,95,S1,98,101,101,95,99,98,,,,,,,2.6,100,1.1,300,<0.05,0,0,0,0,0
352,3H64837-CHEM-0121965,3H64837,8/16/2013,1196782A1,NO,100,99,S1,100,99,99,101,101,101,,,,,,,3.8,101.9,1.4,305.7,<0.05,0,0,0,0,0
353,3H64838-CHEM-0121969,3H64838,8/17/2013,1196782A1,NO,101,99,S1,101,101,103,102,101,99,,,,,,,3.9,102.3,1.3,306.8,<0.05,0,0,0,0,0
354,3H65197-CHEM-0122412,3H65197,8/26/2013,1196782A1,NO,100,98,S1,98,101,100,101,100,102,,,,,,,2.4,100.7,1,302.2,<0.05,0,0,0,0,0
355,3H65361-CHEM-0122416,3H65361,8/26/2013,1196782A1,NO,99,99,S1,99,100,99,101,99,99,,,,,,,1.4,101.1,0.6,303.4,<0.05,0,0,0,0,0
356,3H66896-CHEM-0124184,3H66896,9/16/2013,1196782A1,NO,99,98,S1,98,100,101,100,99,98,,,,,,,1.2,100.7,0.5,302.2,<0.05,0,0,0,0,0
357,3H66897-CHEM-0124188,3H66897,9/16/2013,1196782A1,NO,101,98,S1,98,101,101,101,101,103,,,,,,,1.9,100.9,0.8,302.6,<0.05,0,0,0,0,0
358,3H66898-CHEM-0124192,3H66898,9/17/2013,1196782A1,NO,101,99,S1,99,101,101,102,101,102,,,,,,,1.7,101.4,0.7,304.3,<0.05,0,0,0,0,0
359,3H66899-CHEM-0124196,3H66899,9/17/2013,1196782A1,NO,102,101,S1,102,103,102,101,101,101,,,,,,,1.7,102,0.5,306,<0.05,0,0,0,2,2
360,3H66900-CHEM-0124200,3H66900,9/18/2013,1196782A1,NO,100,98,S1,101,99,102,100,101,98,,,,,,,2.6,100.8,1.1,302.3,<0.05,0,0,0,0,0
361,3J76206-CHEM-0126797,3J76206,9/25/2013,1196782A1,NO,100,97,S1,97,101,102,100,102,101,,,,,,,2.6,100.8,1.1,302.4,<0.05,0,0,0,0,0
362,3K79271-CHEM-0131830,3K79271,11/5/2013,1196782A1,NO,101,100,S1,100,102,101,101,101,101,,,,,,,2.1,102.2,0.6,306.5,<0.05,0,0,0,0,0
363,3K79435-CHEM-0131867,3K79435,12/5/2013,1196782A1,NO,100,99,S1,100,99,99,101,101,101,,,,,,,1.9,100.1,0.8,300.2,<0.05,0,0,0,0,0
364,3L73828-CHEM-0134330,3L73828,12/6/2013,1196782A1,NO,100,98,S1,98,100,99,100,100,100,,,,,,,1.6,101.7,0.6,305,<0.05,0,0,1,2,3
365,3L73829-CHEM-0134334,3L73829,12/9/2013,1196782A1,NO,99,97,S1,99,98,97,101,100,101,,,,,,,1.7,99.9,0.7,299.7,<0.05,0,0,0,2,2
366,3L73830-CHEM-0134338,3L73830,12/9/2013,1196782A1,NO,100,99,S1,99,102,100,100,101,101,,,,,,,2.3,101.6,0.9,304.9,<0.05,0,0,1,2,3
367,3L73831-CHEM-0134342,3L73831,12/9/2013,1196782A1,NO,100,98,S1,99,100,98,100,100,100,,,,,,,1.4,101.3,0.6,303.9,<0.05,0,0,0,0,0
368,3L73832-CHEM-0134346,3L73832,12/10/2013,1196782A1,NO,99,98,S1,99,98,99,100,99,100,,,,,,,0.7,100.5,0.3,301.5,<0.05,0,0,0,1,1
369,3L73833-CHEM-0134350,3L73833,12/10/2013,1196782A1,NO,100,99,S1,99,99,100,101,100,102,,,,,,,1.2,100.3,0.5,300.9,<0.05,0,0,0,0,0
370,3L73834-CHEM-0134354,3L73834,12/11/2013,1196782A1,NO,100,98,S1,99,101,102,98,102,99,,,,,,,1.7,99.4,0.7,298.2,<0.05,0,0,0,0,0
371,3L73835-CHEM-0134358,3L73835,12/11/2013,1196782A1,NO,100,99,S1,99,101,100,99,100,102,,,,,,,1,101.4,0.4,304.3,<0.05,0,0,0,0,0
372,3L73836-CHEM-0134362,3L73836,12/11/2013,1196782A1,NO,100,98,S1,99,98,101,102,100,101,,,,,,,1.2,101.7,0.4,305.2,<0.05,0,0,2,0,2
373,3L73837-CHEM-0134366,3L73837,12/12/2013,1196782A1,NO,99,98,S1,99,98,99,100,99,100,,,,,,,1.4,100.8,0.6,302.3,<0.05,0,0,0,3,3
374,3L73838-CHEM-0134370,3L73838,12/12/2013,1196782A1,NO,100,99,S1,99,100,100,101,99,100,,,,,,,2.4,101.1,1,303.3,<0.05,0,0,0,2,2
375,3L73839-CHEM-0134374,3L73839,12/12/2013,1196782A1,NO,101,99,S1,100,99,102,104,101,102,,,,,,,1.5,102.3,0.3,307,<0.05,0,0,0,2,2
376,3L73840-CHEM-0134378,3L73840,12/13/2013,1196782A1,NO,101,98,S1,98,102,103,103,101,100,,,,,,,2.2,101.3,0.9,303.8,<0.05,0,0,0,3,3
377,3L73841-CHEM-0134382,3L73841,12/14/2013,1196782A1,NO,101,100,S1,100,101,101,101,100,102,,,,,,,1.4,101.5,0.6,304.4,<0.05,0,0,1,1,2
378,3L73842-CHEM-0134386,3L73842,12/15/2013,1196782A1,NO,100,82,S2,101,101,82,101,102,103,100,103,100,101,100,101,1.3,101.6,0.5,304.7,<0.05,0,0,0,0,0
379,3L73843-CHEM-0134390,3L73843,12/16/2013,1196782A1,NO,99,89,S2,99,101,101,100,89,100,99,100,101,100,102,100,1.4,101.2,0.6,303.5,<0.05,0,0,0,1,1
380,3L73844-CHEM-0134394,3L73844,12/16/2013,1196782A1,NO,100,98,S1,98,101,98,100,101,100,,,,,,,1.4,100.8,0.6,302.3,<0.05,0,0,0,2,2
381,3L73845-CHEM-0134398,3L73845,12/17/2013,1196782A1,NO,98,96,S1,96,101,97,99,97,100,,,,,,,1.4,99.9,0.6,299.8,<0.05,0,0,0,3,3
382,3L73846-CHEM-0134402,3L73846,12/17/2013,1196782A1,NO,100,99,S1,99,101,101,100,100,101,,,,,,,1.4,100.5,0.6,301.6,<0.05,0,0,0,0,0
383,3L73847-CHEM-0134406,3L73847,12/17/2013,1196782A1,YES,101,100,S1,102,101,100,100,100,101,,,,,,,1.9,101.1,0.8,303.4,<0.05,0,0,0,1,1
384,3L73848-CHEM-0134410,3L73848,12/17/2013,1196782A1,NO,101,101,S1,101,101,101,101,102,101,,,,,,,1.5,101.8,0.5,305.3,<0.05,0,0,0,0,0
385,3L73850-CHEM-0134414,3L73850,12/18/2013,1196782A1,NO,102,100,S1,103,103,101,100,102,100,,,,,,,1.4,101.7,0.5,305.1,<0.05,0,0,0,2,2
386,3L73851-CHEM-0134418,3L73851,12/19/2013,1196782A1,NO,103,101,S1,103,104,103,101,103,102,,,,,,,1.7,101.4,0.7,304.1,<0.05,0,0,0,0,0
387,3L73852-CHEM-0134422,3L73852,12/19/2013,1196782A1,NO,100,98,S1,98,101,100,101,101,101,,,,,,,1.5,101.6,0.6,304.8,<0.05,0,0,0,0,0
388,3L73854-CHEM-0134426,3L73854,12/19/2013,1196782A1,NO,105,102,S1,104,109,104,102,103,107,,,,,,,1.7,101.2,0.7,303.7,<0.05,0,0,0,2,2
389,3M54364-CHEM-0137338,3M54364,1/7/2014,1196782A1,NO,100,99,S1,102,99,101,100,102,99,,,,,,,1.7,102.2,0.4,306.5,<0.05,0,0,1,0,1
390,3M54365-CHEM-0137342,3M54365,1/7/2014,1196782A1,NO,100,98,S1,101,100,100,98,100,99,,,,,,,1.4,100.8,0.6,302.5,<0.05,0,0,0,0,0
391,3M54367-CHEM-0137347,3M54367,1/7/2014,1196782A1,NO,101,100,S1,100,101,102,102,100,100,,,,,,,1.4,101,0.6,302.9,<0.05,0,0,0,0,0
392,3M54368-CHEM-0137351,3M54368,1/8/2014,1196782A1,NO,100,99,S1,99,100,100,101,99,101,,,,,,,1.4,100.8,0.6,302.4,<0.05,0,0,0,0,0
393,3M54369-CHEM-0137355,3M54369,1/8/2014,1196782A1,NO,100,99,S1,100,100,101,99,101,100,,,,,,,1.4,100.8,0.6,302.4,<0.05,0,0,0,6,6
394,4A82799-CHEM-0141546,4A82799,2/6/2014,1196782A1,NO,100,98,S1,98,101,99,100,101,100,,,,,,,1.2,101.2,0.5,303.7,<0.05,0,0,0,0,0
395,4A82800-CHEM-0141080,4A82800,2/6/2014,1196782A1,NO,100,99,S1,99,100,99,100,101,100,,,,,,,1.9,101.1,0.8,303.4,<0.05,0,0,0,0,0
396,4A82801-CHEM-0141084,4A82801,2/7/2014,1196782A1,NO,99,97,S1,97,102,98,99,101,98,,,,,,,1.9,101.5,0.8,304.4,<0.05,0,0,0,0,0
397,4A82802-CHEM-0141088,4A82802,2/7/2014,1196782A1,NO,100,97,S1,97,102,100,101,100,102,,,,,,,2.2,100.8,0.9,302.5,<0.05,0,0,0,0,0
398,4A82803-CHEM-0141092,4A82803,2/7/2014,1196782A1,NO,101,100,S1,101,101,101,101,101,100,,,,,,,1,99.9,0.4,299.6,<0.05,0,0,0,8,8
399,4A82804-CHEM-0141096,4A82804,2/11/2014,1196782A1,NO,101,100,S1,100,102,102,101,102,101,,,,,,,1.2,100.5,0.5,301.4,<0.05,0,0,2,0,2
400,4A82805-CHEM-0141100,4A82805,2/12/2014,1196782A1,NO,101,100,S1,101,101,101,102,101,100,,,,,,,2.2,100.9,0.9,302.7,<0.05,0,0,0,0,0
401,4A82806-CHEM-0141106,4A82806,2/12/2014,1196782A1,NO,100,98,S1,98,100,99,100,102,99,,,,,,,1.7,101.1,0.7,303.4,<0.05,0,0,3,0,3
402,4A82807-CHEM-0141110,4A82807,2/13/2014,1196782A1,NO,100,99,S1,100,100,99,102,100,99,,,,,,,1.4,99.9,0.6,299.7,<0.05,0,0,1,0,1
403,4A82809-CHEM-0141114,4A82809,2/20/2014,1196782A1,NO,102,100,S1,100,101,103,102,103,101,,,,,,,1.6,101.9,0.5,305.6,<0.05,0,0,0,5,5
404,4A82810-CHEM-0141118,4A82810,2/21/2014,1196782A1,NO,102,100,S1,101,102,103,102,100,102,,,,,,,1.7,101.5,0.7,304.4,<0.05,0,0,2,0,2
405,4A82811-CHEM-0141122,4A82811,2/24/2014,1196782A1,NO,101,98,S1,98,102,101,104,101,101,,,,,,,2.7,103.2,0.4,309.5,<0.05,0,0,0,0,0
406,4B79507-CHEM-0144353,4B79507,2/25/2014,1196782A1,NO,100,99,S1,99,101,100,99,100,101,,,,,,,1.7,100.8,0.7,302.4,<0.05,0,0,1,0,1
407,4A82813-CHEM-0144883,4A82813,2/25/2014,1196782A1,NO,101,98,S1,98,102,102,100,102,101,,,,,,,2.8,102.9,0.6,308.7,<0.05,0,0,0,2,2
408,4B79508-CHEM-0144359,4B79508,2/26/2014,1196782A1,NO,100,100,S1,100,101,101,101,100,101,,,,,,,2,101.8,0.7,305.3,<0.05,0,0,0,1,1
409,4B79509-CHEM-0144366,4B79509,2/26/2014,1196782A1,NO,99,99,S1,99,99,100,99,99,99,,,,,,,1.9,101.1,0.8,303.4,<0.05,0,0,0,3,3
410,4B79510-CHEM-0144372,4B79510,2/27/2014,1196782A1,NO,100,99,S1,99,101,100,100,101,100,,,,,,,1.7,100.6,0.7,301.8,<0.05,0,0,0,5,5
411,4B79511-CHEM-0144380,4B79511,2/27/2014,1196782A1,NO,99,99,S1,99,100,99,100,99,100,,,,,,,1.7,99,0.7,296.9,<0.05,0,0,0,0,0
412,4B79512-CHEM-0144384,4B79512,2/28/2014,1196782A1,NO,100,100,S1,100,101,101,100,101,100,,,,,,,1.2,100.9,0.5,302.7,<0.05,0,0,0,0,0
413,4B79513-CHEM-0144388,4B79513,3/3/2014,1196782A1,NO,99,96,S1,96,99,100,99,100,98,,,,,,,2.4,97.8,0.7,293.3,<0.05,0,0,0,1,1
414,4B79514-CHEM-0144392,4B79514,3/5/2014,1196782A1,NO,102,101,S1,102,101,101,101,103,101,,,,,,,2.2,100.2,0.9,300.7,<0.05,0,0,2,1,3
415,4B79515-CHEM-0144397,4B79515,3/5/2014,1196782A1,NO,100,99,S1,100,99,100,99,101,100,,,,,,,1.4,100.2,0.6,300.6,<0.05,0,0,2,0,2
416,4B79516-CHEM-0144401,4B79516,3/6/2014,1196782A1,NO,99,99,S1,99,100,99,100,99,100,,,,,,,0.9,98.3,0.3,294.9,<0.05,0,0,1,0,1
417,4B79517-CHEM-0144405,4B79517,3/6/2014,1196782A1,NO,99,96,S1,96,100,100,100,100,100,,,,,,,1.2,98.9,0.5,296.7,<0.05,0,0,0,4,4
418,4B79518-CHEM-0144411,4B79518,3/6/2014,1196782A1,NO,102,100,S1,100,101,102,103,102,102,,,,,,,1.2,100.1,0.5,300.2,<0.05,0,0,6,0,6
419,4B79519-CHEM-0144417,4B79519,3/7/2014,1196782A1,NO,101,101,S1,101,101,101,101,101,101,,,,,,,1.9,100.2,0.8,300.5,<0.05,0,0,3,0,3
420,4B79520-CHEM-0144421,4B79520,3/11/2014,1196782A1,NO,101,99,S1,99,101,101,101,101,101,,,,,,,1,100,0.4,300.1,<0.05,0,0,5,0,5
421,4C88560-CHEM-0149642,4C88560,4/1/2014,1196782A1,YES,103,102,S1,102,103,102,103,103,103,,,,,,,1.7,101,0.7,302.9,<0.05,0,0,11,0,11
422,4C88561-CHEM-0149646,4C88561,4/1/2014,1196782A1,NO,103,101,S1,101,102,104,102,103,103,,,,,,,1.7,101.2,0.7,303.5,<0.05,0,0,4,0,4
423,4C88562-CHEM-0149651,4C88562,4/2/2014,1196782A1,NO,102,101,S1,102,102,103,102,102,101,,,,,,,1.7,101.4,0.7,304.1,<0.05,0,0,7,0,7
424,4C88563-CHEM-0150616,4C88563,4/2/2014,1196782A1,NO,101,99,S1,100,102,99,100,100,103,,,,,,,1,101.5,0.4,304.5,<0.05,0,0,6,0,6
425,4D80960-CHEM-0153323,4D80960,5/14/2014,1196782A1,NO,102,102,S1,102,103,103,102,102,103,,,,,,,2.9,102.7,0.7,308,<0.05,0,0,0,0,0
426,4D80961-CHEM-0153327,4D80961,5/15/2014,1196782A1,NO,99,96,S1,101,99,98,99,96,99,,,,,,,1.9,102.2,0.5,306.6,<0.05,0,0,6,0,6
427,4D80962-CHEM-0153332,4D80962,5/15/2014,1196782A1,NO,100,99,S1,99,101,101,101,99,101,,,,,,,1.6,101.7,0.6,305,<0.05,0,0,0,0,0
428,4D80963-CHEM-0153336,4D80963,5/16/2014,1196782A1,NO,100,99,S1,100,99,100,100,100,100,,,,,,,1.4,100.7,0.6,302,<0.05,0,0,0,0,0
429,4D80964-CHEM-0153340,4D80964,5/16/2014,1196782A1,NO,100,97,S1,97,101,99,101,100,100,,,,,,,1.1,101.6,0.4,304.7,<0.05,0,0,0,0,0
430,4D80965-CHEM-0153344,4D80965,5/16/2014,1196782A1,NO,97,93,S1,97,93,98,101,96,94,,,,,,,2.2,101.3,0.9,303.9,<0.05,0,0,1,0,1
431,4D80966-CHEM-0153348,4D80966,5/17/2014,1196782A1,NO,99,96,S1,96,98,101,100,99,100,,,,,,,2.4,100.7,1,302.1,<0.05,0,0,0,0,0
432,4D80967-CHEM-0153352,4D80967,5/17/2014,1196782A1,NO,100,95,S1,100,95,101,102,100,99,,,,,,,2.2,101.3,0.9,304,<0.05,0,0,0,0,0
433,4D80968-CHEM-0153356,4D80968,5/19/2014,1196782A1,NO,101,100,S1,100,102,101,101,100,100,,,,,,,1.4,100.9,0.6,302.6,<0.05,0,0,1,0,1
434,4D80969-CHEM-0153360,4D80969,5/19/2014,1196782A1,NO,100,98,S1,98,99,101,99,101,100,,,,,,,1.4,100.5,0.6,301.4,<0.05,0,0,2,0,2
435,4D80970-CHEM-0153364,4D80970,5/20/2014,1196782A1,NO,99,98,S1,100,98,100,102,98,98,,,,,,,1.4,100.7,0.6,302.2,<0.05,0,0,2,0,2
436,4D80971-CHEM-0153368,4D80971,5/20/2014,1196782A1,NO,100,98,S1,98,99,100,100,101,99,,,,,,,1.2,100.5,0.5,301.5,<0.05,0,0,1,0,1
437,4D80972-CHEM-0153372,4D80972,5/21/2014,1196782A1,NO,100,100,S1,100,101,100,100,101,100,,,,,,,1.4,100.4,0.6,301.3,<0.05,0,0,0,0,0
438,4D80973-CHEM-0153377,4D80973,5/21/2014,1196782A1,NO,100,99,S1,100,101,99,101,100,99,,,,,,,1.4,100.7,0.6,302.2,<0.05,0,0,0,0,0
439,4D80974-CHEM-0153381,4D80974,5/21/2014,1196782A1,NO,99,95,S1,95,97,101,101,100,101,,,,,,,1,100.7,0.4,302,<0.05,0,0,0,0,0
440,4D80975-CHEM-0153385,4D80975,5/22/2014,1196782A1,NO,99,97,S1,97,100,100,101,99,100,,,,,,,1.7,100.7,0.7,302.1,<0.05,0,0,0,0,0
441,4D80976-CHEM-0153389,4D80976,5/22/2014,1196782A1,,101,100,S1,100,101,102,102,100,101,,,,,,,1.7,101.2,0.7,303.7,<0.05,0,0,1,0,1
442,4D80977-CHEM-0153393,4D80977,5/23/2014,1196782A1,,99,99,S1,99,99,100,100,99,99,,,,,,,1.7,100.5,0.7,301.4,<0.05,0,0,1,0,1
443,4D80978-CHEM-0153426,4D80978,5/27/2014,1196782A1,,97,94,S1,98,98,98,94,96,95,,,,,,,1.2,100.2,0.5,300.6,<0.05,0,0,0,0,0
444,4D80979-CHEM-0153431,4D80979,5/27/2014,1196782A1,,99,97,S1,100,101,99,99,97,101,,,,,,,1.2,101.2,0.5,303.6,<0.05,0,0,0,0,0
445,4D80980-CHEM-0153435,4D80980,5/28/2014,1196782A1,,99,93,S1,100,100,100,100,99,93,,,,,,,1.9,101.4,0.8,304.2,<0.05,0,0,0,0,0
446,4D80981-CHEM-0153441,4D80981,6/4/2014,1196782A1,,99,87,S2,101,101,99,99,101,87,99,97,99,102,100,101,1.2,101.2,0.5,303.5,<0.05,0,0,0,0,0
447,4D80985-CHEM-0153529,4D80985,6/10/2014,1196782A1,NO,101,98,S1,98,101,102,102,99,102,,,,,,,1.7,100.9,0.7,302.8,<0.05,0,0,2,0,2
448,4D80986-CHEM-0153495,4D80986,6/11/2014,1196782A1,NO,101,99,S1,99,102,100,101,102,101,,,,,,,3,101.6,1.2,304.7,<0.05,0,0,3,0,3
449,4D80987-CHEM-0153499,4D80987,6/11/2014,1196782A1,NO,101,99,S1,99,102,102,99,99,102,,,,,,,1.7,101,0.7,302.9,<0.05,0,0,0,0,0
450,4D80988-CHEM-0153504,4D80988,6/11/2014,1196782A1,NO,101,99,S1,101,101,101,99,101,101,,,,,,,1,101.2,0.4,303.7,<0.05,0,0,0,0,0
451,4D80989-CHEM-0153510,4D80989,6/12/2014,1196782A1,NO,101,100,S1,101,101,100,102,102,101,,,,,,,1.9,100.9,0.8,302.8,<0.05,0,0,1,0,1
452,4D80990-CHEM-0153514,4D80990,6/13/2014,1196782A1,NO,101,100,S1,101,103,100,100,102,102,,,,,,,1.7,101.2,0.7,303.6,<0.05,0,0,2,0,2
453,4D80991-CHEM-0153518,4D80991,6/17/2014,1196782A1,NO,100,97,S1,97,101,100,101,101,102,,,,,,,1.4,101.2,0.6,303.5,<0.05,0,0,0,0,0
454,4D80992-CHEM-0153522,4D80992,6/17/2014,1196782A1,NO,101,100,S1,100,101,100,102,100,101,,,,,,,2.3,101.6,0.9,304.8,<0.05,0,0,0,0,0
455,4F77680-CHEM-0161152,4F77680,6/18/2014,1196782A1,NO,100,98,S1,98,98,102,100,101,100,,,,,,,2.4,100.4,1,301.1,<0.05,0,0,0,0,0
456,4F77681-CHEM-0161156,4F77681,6/18/2014,1196782A1,NO,101,100,S1,102,103,101,100,101,101,,,,,,,2.4,100.9,1,302.6,<0.05,0,0,2,0,2
457,4F77682-CHEM-0161160,4F77682,6/24/2014,1196782A1,NO,100,98,S1,99,101,102,102,98,100,,,,,,,2.2,100.9,0.9,302.8,<0.05,0,0,0,0,0
458,4F77683-CHEM-0161164,4F77683,6/25/2014,1196782A1,NO,101,100,S1,101,102,102,101,100,102,,,,,,,1,101.3,0.4,303.9,<0.05,0,0,0,0,0
459,4F77684-CHEM-0161168,4F77684,6/26/2014,1196782A1,NO,101,100,S1,101,100,102,101,100,102,,,,,,,1.7,100.4,0.7,301.3,<0.05,0,0,1,0,1
460,4F77685-CHEM-0161180,4F77685,6/27/2014,1196782A1,NO,101,101,S1,102,101,101,102,101,102,,,,,,,1.2,100.3,0.5,300.9,<0.05,0,0,0,0,0
461,4G80705-CHEM-0165467,4G80705,7/30/2014,1196782A1,NO,100,98,S1,101,101,100,98,99,100,,,,,,,2.4,99.1,1,297.2,<0.05,0,0,0,0,0
462,4G80706-CHEM-0165450,4G80706,7/31/2014,1196782A1,NO,100,97,S1,97,100,102,101,101,101,,,,,,,1.4,101.2,0.6,303.5,<0.05,0,0,0,0,0
463,4G80707-CHEM-0165454,4G80707,7/31/2014,1196782A1,NO,99,98,S1,98,98,100,100,99,100,,,,,,,2.2,99.6,0.9,298.8,<0.05,0,0,0,3,3
464,4G80708-CHEM-0165458,4G80708,8/4/2014,1196782A1,NO,101,99,S1,99,100,101,100,103,101,,,,,,,1.9,100.9,0.8,302.6,<0.05,0,0,0,0,0
465,4G80709-CHEM-0165462,4G80709,8/4/2014,1196782A1,NO,100,99,S1,102,100,99,101,100,99,,,,,,,2.9,100.7,1.2,302.2,<0.05,0,0,0,0,0
466,4G82270-CHEM-0166633,4G82270,8/5/2014,1196782A1,NO,101,98,S1,98,102,100,103,102,102,,,,,,,3.6,102.9,0.9,308.8,<0.05,0,0,0,0,0
467,4G82272-CHEM-0166641,4G82272,8/5/2014,1196782A1,NO,101,99,S1,100,102,103,100,100,99,,,,,,,2.6,102.9,0.5,308.7,<0.05,0,0,0,0,0
468,4G82273-CHEM-0166645,4G82273,8/6/2014,1196782A1,NO,101,100,S1,100,101,101,101,102,100,,,,,,,3.2,103,0.7,309,<0.05,0,0,0,0,0
469,4G82274-CHEM-0166649,4G82274,8/6/2014,1196782A1,NO,101,100,S1,101,101,101,100,101,101,,,,,,,3.1,103.4,0.5,310.1,<0.05,0,0,0,0,0
470,4G82275-CHEM-0166653,4G82275,8/7/2014,1196782A1,NO,101,101,S1,101,101,101,101,101,101,,,,,,,3.2,102.8,0.8,308.4,<0.05,0,0,0,0,0
471,4G82276-CHEM-0166657,4G82276,8/13/2014,1196782A1,NO,100,98,S1,101,98,100,100,101,101,,,,,,,1.4,99.9,0.6,299.7,<0.05,0,0,0,2,2
472,4G82277-CHEM-0166661,4G82277,8/13/2014,1196782A1,NO,99,98,S1,99,99,100,101,99,98,,,,,,,2.2,99.9,0.9,299.8,<0.05,0,0,0,0,0
473,4G82278-CHEM-0166665,4G82278,8/14/2014,1196782A1,NO,101,100,S1,100,100,100,101,102,102,,,,,,,1.4,101,0.6,303.1,<0.05,0,0,0,3,3
474,4G82279-CHEM-0166669,4G82279,8/14/2014,1196782A1,NO,100,98,S1,101,102,98,99,100,101,,,,,,,1.9,101,0.8,303,<0.05,0,0,0,2,2
475,4G82280-CHEM-0166673,4G82280,8/18/2014,1196782A1,NO,102,101,S1,102,102,101,102,101,102,,,,,,,1.9,101.3,0.8,303.9,<0.05,0,0,0,3,3
476,4G82282-CHEM-0166637,4G82282,8/19/2014,1196782A1,NO,100,98,S1,98,99,101,100,101,101,,,,,,,1.2,101.3,0.5,303.9,<0.05,0,0,0,2,2
477,4J78808-CHEM-0171153,4J78808,9/17/2014,1196782A1,NO,101,99,S1,99,101,100,102,103,101,,,,,,,1,101.2,0.4,303.7,<0.05,0,0,0,0,0
478,4J78809-CHEM-0171157,4J78809,9/18/2014,1196782A1,NO,100,98,S1,99,101,100,98,100,104,,,,,,,1.7,100.8,0.7,302.3,<0.05,0,0,0,1,1
479,4J78810-CHEM-0171116,4J78810,9/23/2014,1196782A1,NO,101,99,S1,100,102,101,99,102,102,,,,,,,1.4,100.8,0.6,302.5,<0.05,0,0,0,0,0
480,4J78811-CHEM-0171120,4J78811,9/23/2014,1196782A1,NO,101,101,S1,101,102,101,101,101,102,,,,,,,1.7,101.4,0.7,304.3,<0.05,0,0,0,1,1
481,4J78812-CHEM-0171124,4J78812,9/25/2014,1196782A1,NO,101,99,S1,99,102,102,101,101,102,,,,,,,1.4,101.1,0.6,303.3,<0.05,0,0,0,0,0
482,4J78813-CHEM-0171128,4J78813,9/26/2014,1196782A1,NO,101,100,S1,100,101,100,101,102,102,,,,,,,1.7,101.3,0.7,303.8,<0.05,0,0,0,0,0
483,4J78814-CHEM-0171132,4J78814,9/29/2014,1196782A1,NO,100,99,S1,99,101,100,100,100,101,,,,,,,1.2,101.2,0.5,303.5,<0.05,0,0,0,0,0
484,4J78815-CHEM-0171136,4J78815,9/29/2014,1196782A1,NO,101,99,S1,99,101,101,102,102,101,,,,,,,1.4,101.2,0.6,303.7,<0.05,0,0,0,0,0
485,4J78816-CHEM-0171140,4J78816,9/30/2014,1196782A1,NO,102,98,S1,98,103,102,103,101,101,,,,,,,1.4,101,0.6,303.1,<0.05,0,0,0,0,0
486,4J78817-CHEM-0171144,4J78817,9/30/2014,1196782A1,NO,101,99,S1,100,102,102,101,101,99,,,,,,,1.9,100.4,0.8,301.1,<0.05,0,0,0,0,0
487,4J78818-CHEM-0171148,4J78818,10/2/2014,1196782A1,NO,101,100,S1,101,100,101,102,101,103,,,,,,,1.9,101,0.8,303,<0.05,0,0,0,1,1
488,4J78819-CHEM-0174376,4J78819,10/2/2014,1196782A1,NO,102,100,S1,102,101,102,101,100,103,,,,,,,1,101.4,0.4,304.3,<0.05,0,0,0,0,0
489,4J81677-CHEM-0174381,4J81677,10/3/2014,1196782A1,NO,101,98,S1,100,101,104,98,103,102,,,,,,,2.4,100.4,1,301.3,<0.05,0,0,4,0,4
490,4J81686-CHEM-0174426,4J81686,10/13/2014,1196782A1,NO,102,100,S1,100,103,102,101,103,102,,,,,,,0.7,101.2,0.3,303.7,<0.05,0,0,0,4,4
491,4J81687-CHEM-0174430,4J81687,10/14/2014,1196782A1,NO,101,100,S1,101,101,101,101,100,101,,,,,,,1.2,100.8,0.5,302.4,<0.05,0,0,0,2,2
492,4K81555-CHEM-0176160,4K81555,10/14/2014,1196782A1,NO,101,100,S1,101,102,103,102,100,101,,,,,,,1.7,101.2,0.7,303.5,<0.05,0,0,0,0,0
493,4K81556,4K81556,10/14/2014,1196782A1,NO,101,97,S1,101,100,102,102,97,101,,,,,,,1.7,100.9,0.7,302.6,<0.05,0,0,0,0,0
494,4K81557-CHEM-0176168,4K81557,10/15/2014,1196782A1,NO,102,101,S1,102,101,101,102,103,102,,,,,,,1.4,101.5,0.6,304.4,<0.05,0,0,0,1,1
495,4K81558-CHEM-0176176,4K81558,10/15/2014,1196782A1,NO,101,99,S1,99,102,101,99,102,102,,,,,,,1.9,101.2,0.8,303.7,<0.05,0,0,0,2,2
496,4K81559-CHEM-0176180,4K81559,10/16/2014,1196782A1,NO,101,99,S1,99,101,102,102,101,103,,,,,,,1.7,101,0.7,303,<0.05,0,0,0,2,2
497,4K81560-CHEM-0176184,4K81560,10/20/2014,1196782A1,NO,101,100,S1,100,101,102,102,102,102,,,,,,,1.9,100.7,0.8,302.2,<0.05,0,0,0,0,0
498,4K81561-CHEM-0176188,4K81561,10/20/2014,1196782A1,NO,102,101,S1,101,103,102,102,103,101,,,,,,,1.4,101.2,0.6,303.5,<0.05,0,0,0,0,0
499,4K81563-CHEM-0176172,4K81563,10/21/2014,1196782A1,NO,100,99,S1,99,101,99,101,101,102,,,,,,,2.2,101.2,0.9,303.7,<0.05,0,0,0,1,1
500,4K81562-CHEM-0176192,4K81562,10/21/2014,1196782A1,NO,102,100,S1,100,103,103,101,103,102,,,,,,,1.2,100.9,0.5,302.6,<0.05,0,0,0,0,0
501,4K81564-CHEM-0176196,4K81564,10/21/2014,1196782A1,NO,100,99,S1,101,99,101,102,99,100,,,,,,,1.4,101.5,0.6,304.4,<0.05,0,0,0,0,0
502,4K81565-CHEM-0176200,4K81565,10/22/2014,1196782A1,NO,101,98,S1,98,102,101,100,102,100,,,,,,,1.2,101.3,0.5,303.8,<0.05,0,0,0,0,0
503,4K81566-CHEM-0176204,4K81566,10/22/2014,1196782A1,NO,100,98,S1,98,99,101,101,101,101,,,,,,,1.4,101.5,0.6,304.6,<0.05,0,0,0,0,0
504,4K81567-CHEM-0176208,4K81567,10/23/2014,1196782A1,NO,101,100,S1,100,101,101,101,102,101,,,,,,,1.4,101.3,0.6,303.9,<0.05,0,0,0,1,1
505,4K81568-CHEM-0176212,4K81568,10/23/2014,1196782A1,NO,102,100,S1,101,103,100,102,103,101,,,,,,,2.2,101.3,0.9,303.9,<0.05,0,0,0,1,1
506,4K81569-CHEM-0176216,4K81569,10/24/2014,1196782A1,NO,101,100,S1,100,101,100,101,102,102,,,,,,,1,101.3,0.4,303.8,<0.05,0,0,0,1,1
507,4K81570-CHEM-0176220,4K81570,10/24/2014,1196782A1,NO,101,99,S1,99,101,101,101,102,102,,,,,,,1.4,101.2,0.6,303.5,<0.05,0,0,0,0,0
508,4K81571-CHEM-0176224,4K81571,10/24/2014,1196782A1,NO,101,99,S1,99,102,100,102,101,102,,,,,,,1.4,101.5,0.6,304.5,<0.05,0,0,0,0,0
509,4K82710-CHEM-0177251,4K82710,10/25/2014,1196782A1,NO,102,100,S1,101,102,103,102,102,100,,,,,,,1.9,101.7,0.7,305.2,<0.05,0,0,0,3,3
510,4L78161-CHEM-0182844,4L78161,12/4/2014,1196782A1,NO,102,102,S1,102,102,102,103,102,102,,,,,,,1.9,101.5,0.8,304.4,<0.05,0,0,0,3,3
511,4L78162-CHEM-0182848,4L78162,12/5/2014,1196782A1,NO,102,101,S1,101,101,103,103,102,101,,,,,,,1.7,101.8,0.6,305.4,<0.05,0,0,0,5,5
512,4M57963-CHEM-0185618,4M57963,1/7/2015,1196782A1,NO,100,98,S1,100,98,102,98,100,102,,,,,,,1.2,101.5,0.5,304.6,<0.05,0,0,0,4,4
513,4M57964-CHEM-0185623,4M57964,1/7/2015,1196782A1,NO,102,100,S1,100,101,100,101,110,101,,,,,,,2,101.6,0.8,304.9,<0.05,0,0,0,1,1
514,4M57965-CHEM-0185628,4M57965,1/8/2015,1196782A1,NO,100,95,S1,95,100,103,100,99,102,,,,,,,1,101.5,0.4,304.6,<0.05,0,0,0,3,3
515,4M57966-CHEM-0185633,4M57966,1/8/2015,1196782A1,NO,101,100,S1,100,101,102,101,101,101,,,,,,,0.7,101.3,0.3,304,<0.05,0,0,0,4,4
516,4M57967-CHEM-0185637,4M57967,1/9/2015,1196782A1,NO,101,96,S1,101,101,102,101,96,101,,,,,,,1,101.3,0.4,303.9,<0.05,0,0,0,0,0
517,4M57968-CHEM-0185641,4M57968,1/9/2015,1196782A1,NO,101,100,S1,100,102,101,101,102,102,,,,,,,1.4,101,0.6,302.9,<0.05,0,0,0,4,4
518,4M57969-CHEM-0185645,4M57969,1/9/2015,1196782A1,NO,99,97,S1,97,101,99,100,99,101,,,,,,,1.4,101.4,0.6,304.1,<0.05,0,0,0,0,0
519,4M57970-CHEM-0185649,4M57970,1/12/2015,1196782A1,NO,101,99,S1,99,102,100,102,100,101,,,,,,,1.7,101.8,0.6,305.3,<0.05,0,0,1,2,3
520,4M57971-CHEM-0185653,4M57971,1/13/2015,1196782A1,NO,101,100,S1,101,101,100,102,102,102,,,,,,,2.4,101,1,303,<0.05,0,0,0,0,0
521,4M57972-CHEM-0185657,4M57972,1/13/2015,1196782A1,NO,100,99,S1,99,100,99,101,100,101,,,,,,,1.7,100.8,0.7,302.4,<0.05,0,0,0,0,0
522,4M57973-CHEM-0185661,4M57973,1/14/2015,1196782A1,NO,101,99,S1,102,101,100,101,99,101,,,,,,,1.7,101,0.7,303,<0.05,0,0,0,4,4
523,4M57974-CHEM-0185665,4M57974,1/14/2015,1196782A1,NO,101,101,S1,101,102,101,101,102,101,,,,,,,1.2,101,0.5,303,<0.05,0,0,0,0,0
524,4M57975-CHEM-0185674,4M57975,1/15/2015,1196782A1,NO,100,97,S1,97,100,100,101,101,101,,,,,,,1.2,101,0.5,303,<0.05,0,0,0,0,0
525,4M57976-CHEM-0185678,4M57976,1/15/2015,1196782A1,NO,101,99,S1,99,102,101,101,102,102,,,,,,,2.2,101.2,0.9,303.6,<0.05,0,0,0,2,2
526,4M57977-CHEM-0185686,4M57977,1/16/2015,1196782A1,NO,101,99,S1,101,99,101,101,99,102,,,,,,,1.2,101.2,0.5,303.7,<0.05,0,0,0,1,1
527,4M57978-CHEM-0185690,4M57978,1/16/2015,1196782A1,NO,101,99,S1,99,100,101,101,101,101,,,,,,,1,101,0.4,302.9,<0.05,0,0,0,3,3
528,4M57979-CHEM-0185694,4M57979,1/16/2015,1196782A1,NO,100,98,S1,98,100,100,102,101,102,,,,,,,1.2,101.1,0.5,303.3,<0.05,0,0,0,1,1
529,4M57980-CHEM-0185698,4M57980,1/20/2015,1196782A1,NO,101,99,S1,100,102,100,102,101,99,,,,,,,1.2,101.4,0.5,304.2,<0.05,0,0,0,2,2
530,4M57981-CHEM-0185702,4M57981,1/21/2015,1196782A1,NO,100,99,S1,100,100,101,99,101,100,,,,,,,0.9,101.7,0.3,305,<0.05,0,0,0,0,0
531,4M57982-CHEM-0185707,4M57982,1/21/2015,1196782A1,NO,100,98,S1,98,99,101,101,100,101,,,,,,,1.2,101.4,0.5,304.1,<0.05,0,0,0,2,2
532,4M57983-CHEM-0185711,4M57983,1/22/2015,1196782A1,NO,101,100,S1,100,101,102,101,102,102,,,,,,,1.3,101.6,0.5,304.7,<0.05,0,0,0,6,6
533,4M57984-CHEM-0185715,4M57984,1/23/2015,1196782A1,NO,101,100,S1,101,100,101,101,101,100,,,,,,,1.4,101.3,0.6,303.9,<0.05,0,0,0,1,1
534,4M57985-CHEM-0185723,4M57985,1/23/2015,1196782A1,NO,101,100,S1,101,101,101,100,101,101,,,,,,,1,100.9,0.4,302.6,<0.05,0,1,0,1,2
535,4M57986-CHEM-0185727,4M57986,1/24/2015,1196782A1,NO,100,98,S1,100,98,100,101,100,100,,,,,,,1.8,101.6,0.7,304.8,<0.05,0,0,0,2,2
536,4M57987-CHEM-0185734,4M57987,1/25/2015,1196782A1,NO,100,99,S1,99,100,101,100,99,100,,,,,,,1.9,101.1,0.8,303.2,<0.05,0,0,0,0,0
537,5B82568-CHEM-0194859,5B82568,2/25/2015,1196782A1,NO,102,100,S1,100,103,103,103,101,103,,,,,,,2,101.6,0.8,304.8,<0.05,0,0,0,3,3
538,5B82569-CHEM-0194863,5B82569,2/25/2015,1196782A1,NO,102,101,S1,101,103,101,102,102,101,,,,,,,1.8,101.6,0.7,304.7,<0.05,0,0,0,4,4
539,5B82570-CHEM-0194867,5B82570,2/26/2015,1196782A1,NO,102,100,S1,102,100,102,103,102,102,,,,,,,1.9,101,0.8,303.1,<0.05,0,0,0,9,9
540,5C90172-CHEM-0198651,5C90172,3/19/2015,1196782A1,NO,102,101,S1,101,102,102,101,103,103,,,,,,,3.5,102.8,0.9,308.3,<0.05,0,0,0,1,1
541,5C90173-CHEM-0198656,5C90173,3/19/2015,1196782A1,NO,102,101,S1,101,102,102,101,102,102,,,,,,,2.2,102,0.7,305.9,<0.05,0,0,0,0,0
542,5C90174-CHEM-0198660,5C90174,3/23/2015,1196782A1,NO,101,99,S1,102,103,100,103,99,101,,,,,,,2.7,102,0.9,305.9,<0.05,0,0,1,1,2
543,5C90175-CHEM-0198664,5C90175,3/23/2015,1196782A1,NO,100,98,S1,101,101,99,98,100,100,,,,,,,1.9,101.7,0.7,305.1,<0.05,0,0,0,0,0
544,5C90176-CHEM-0198668,5C90176,3/23/2015,1196782A1,NO,99,83,S2,83,100,101,101,100,101,99,102,97,101,101,101,1.6,101.9,0.5,305.7,<0.05,0,0,0,0,0
545,5D82828-CHEM-0202303,5D82828,4/23/2015,1196782A1,NO,100,100,S1,101,100,101,100,101,100,,,,,,,2.4,100.9,1,302.6,<0.05,0,0,0,4,4
546,5D82829-CHEM-0202307,5D82829,4/29/2015,1196782A1,NO,101,100,S1,101,100,100,100,102,101,,,,,,,1.7,100.3,0.7,300.9,<0.05,0,0,0,2,2
547,5D82830-CHEM-0202311,5D82830,5/5/2015,1196782A1,NO,102,100,S1,101,102,101,103,100,102,,,,,,,2.2,101.3,0.9,303.8,<0.05,0,0,0,0,0
